4.262935906003286757e-01 1.079423322670699514e-01 3.940646155634561776e-01 1.267308245007066625e-01 4.508953657893021577e-02 5.449094409897208002e-02
4.929769171124598337e-02 2.465832265360480280e-01 4.301893547928553607e-01 6.773245359934408627e-02 9.051018503204753124e-03 8.586619621517166054e-03
4.900677035016589578e-01 7.600243765607710422e-01 1.714499538658988964e-01 3.381679090222614592e-01 1.616523181471128945e-01 1.677740531502600052e-01
5.931874893492146139e-01 1.157547769232510904e-01 7.650472211426676550e-01 3.090503500635961576e-01 1.913759982520868985e-01 2.423604303202956112e-01
7.492704634837247246e-01 8.264987161510390923e-01 3.154641970620488678e-01 5.460151892449374156e-01 3.696950638641549602e-01 2.880752022818062197e-01
8.957677563782761032e-01 1.876072403911271946e-01 2.811683149274658566e-01 4.103844330107624949e-01 3.636245122557244525e-01 2.294642885986936665e-01
8.629028999611818573e-01 8.420520183138049397e-01 5.614411640765821776e-01 6.930815048234011400e-01 5.191312793278766158e-01 3.689244831378488132e-01
9.772800261365052199e-01 9.855292621891191818e-01 6.741950188299083990e-01 9.241522249557156954e-01 8.966031786129866621e-01 5.547481167001063751e-01
5.807936383590062146e-02 3.587966692687294401e-01 4.276985494359311080e-01 9.330584519559027845e-02 1.091962712193134122e-02 1.577979619668402889e-02
6.031998793532097336e-01 8.803139673227154960e-01 6.474127984939967995e-01 5.628717344450225868e-01 3.677434953886973279e-01 3.102481476075497069e-01
3.810356543179449496e-01 1.391679390673408179e-01 7.332524037231488157e-01 2.025836774882487090e-01 1.006673729945194856e-01 1.520198527641274666e-01
2.419803190007479010e-01 3.148628965134681046e-02 8.684876192954809060e-01 2.058716542515282300e-01 1.503855880368137887e-01 3.209386349831740426e-01
6.541104253647233024e-01 7.596495529172971883e-01 5.463153859209051166e-01 4.899345485665654865e-01 2.652784718901722849e-01 2.397059243180818811e-01
6.408204527304039999e-01 8.235946625467716053e-02 5.892715436419349029e-02 1.970660247808930787e-01 1.325241526029305172e-01 1.166154450815253679e-01
4.167258527306118010e-01 9.281029448532618353e-01 2.039779659086413677e-01 4.167420060798281423e-01 3.143021068961184827e-01 2.307347636149971182e-01
6.072740658468226416e-01 7.886836544312170183e-02 4.479299686555806570e-01 2.236040219103532234e-01 1.229157855989330556e-01 1.104511538220686734e-01
6.003882740135454421e-01 1.142336864408531882e-01 1.553978284005020916e-01 1.806363382666937301e-01 1.091398861193708103e-01 1.026010799565106185e-01
5.722755263239046597e-01 1.404864212209995245e-01 6.370428412162818521e-01 2.576209230409791662e-01 1.358717020960881483e-01 1.409286837836223050e-01
6.066725234848329151e-01 7.758020652064425704e-01 8.468676698019012017e-01 5.698311501866304418e-01 3.551714118629603623e-01 4.719712855572684718e-01
8.738296107871955654e-01 7.480091819665642960e-01 1.073255717016774469e-02 5.712984475865302558e-01 4.303492211495301700e-01 3.115806354010988710e-01
7.960317491588652095e-01 1.004148838769396423e-01 4.961573375920553808e-01 3.607347651125842325e-01 2.692794880195849561e-01 1.905604503530377303e-01
3.305614440368258578e-01 9.286963758521761259e-01 2.004137301563769791e-01 3.864478653410127751e-01 2.969065852295839636e-01 2.128125830322205869e-01
6.479296935801300839e-01 8.938728258296824158e-01 8.788405395255417529e-01 6.816434381918552443e-01 5.170835036418136577e-01 6.079138932146296304e-01
3.114384495632571692e-01 7.443696945977956725e-01 2.536985650214411692e-01 2.699992526490965772e-01 1.083222019479576220e-01 1.213012511265468552e-01
4.604746706885487484e-02 4.401293690630337929e-01 7.032853655217712330e-01 1.907378010727528717e-01 6.830096103675513397e-02 1.057602194988196131e-01
3.295862464180476792e-02 1.655337529111459149e-01 7.262157550013702556e-01 1.352259665092923890e-01 7.010125112512459455e-02 1.053641906340756079e-01
9.180336499838822606e-01 2.487204642532155896e-01 4.892413619528390711e-02 4.214152444260962915e-01 3.900098795153670306e-01 2.425633257262677367e-01
4.968007909198446370e-01 8.827129522401842010e-01 3.124937648216780106e-01 4.334477044228746134e-01 2.800512565601733783e-01 2.267571939615793397e-01
4.666872878220146292e-01 6.541859702068685278e-01 6.824996868550528006e-01 3.740583395705475711e-01 1.540870655221499574e-01 1.969905193743045624e-01
9.822829954789417117e-01 4.468891846065299323e-01 2.966743061308257934e-01 5.512084044245635361e-01 4.864195449559154394e-01 2.944429076115559485e-01
7.626431986013270103e-01 1.576731142961049770e-01 9.870987658382810448e-01 5.134942746442689998e-01 4.624616563669772251e-01 8.218941495463147895e-01
1.909053196870403868e-01 3.160848845401698082e-01 7.016043278615780032e-02 5.604918176610642483e-02 4.780886051690501522e-03 1.750491242396307739e-02
4.288128488748872424e-01 5.630446422527953798e-01 4.450273239225267519e-01 2.530554018373834535e-01 7.238068159403288071e-02 9.817696643655622613e-02
4.282028818325256392e-01 7.902097868222041077e-01 7.491886648971494145e-01 4.544657402951386982e-01 2.429916014518541389e-01 2.893897137516306395e-01
6.329004871650787400e-01 4.860649165080117573e-01 3.823486683850740864e-02 2.784216324240562090e-01 1.385974413267025973e-01 1.396875981809184708e-01
8.822591364761286359e-01 4.920306790297679367e-02 9.654222638056838557e-01 5.878480805854775504e-01 5.645585307023928134e-01 7.950179032710626981e-01
8.765312209764346552e-01 7.492919729062135215e-01 4.958237848734385889e-01 6.322031750068695111e-01 4.495048376398952383e-01 3.239484773030949505e-01
7.664093998928167562e-01 6.274973631220841508e-01 6.785451559503455909e-01 5.342011972490293692e-01 3.192723217173797368e-01 2.919115167377843711e-01
1.957033495983013793e-01 3.899174379036909333e-01 5.358940754703441778e-01 1.431580874302006146e-01 2.817172824408318774e-02 4.111415354828030361e-02
7.589531903154422832e-01 4.010689006791420264e-01 8.821846683522603927e-01 5.159113287439899276e-01 3.768326056759843667e-01 5.123144050879432365e-01
1.779215191805434415e-01 2.653115074021429320e-01 7.916694667392539797e-01 1.892954097957258996e-01 1.022705391415765774e-01 1.878058342820757842e-01
5.722828997995541567e-01 7.418566474457929383e-01 2.673031050418437360e-01 3.789857070281714702e-01 1.861939415458674363e-01 1.858155328050502819e-01
9.845998614277678973e-01 5.751717367906361567e-01 9.411601674112241023e-01 7.909676782137340378e-01 7.035918398043171651e-01 8.110492602504281168e-01
5.668318106907452858e-01 1.900876754696422255e-01 8.458451488163279963e-01 3.339033596334967102e-01 2.206991759781210816e-01 3.524152474055718409e-01
1.056842556435434455e-01 5.234812271527289340e-01 8.905808096484422176e-01 2.957131993135497794e-01 1.748235937089249181e-01 3.895492195062523755e-01
7.706057740715059889e-01 3.909164396539277497e-02 7.407209079076737535e-02 2.819580748554977312e-01 2.304528697088185640e-01 1.684653576726352353e-01
7.915588549425418563e-01 7.873028956774322795e-01 1.431198378401681293e-01 5.342418823342569567e-01 3.717268813501607427e-01 2.884884283823647699e-01
3.542691379485142233e-01 8.257393693579289096e-01 9.999816795960205784e-01 5.522974900456216751e-01 4.288231390244346963e-01 8.724653728056646074e-01
1.365184454688812554e-01 5.598890323014561465e-01 3.266273622025813728e-01 1.522333340137804192e-01 2.631227350089514888e-02 4.597760253304562783e-02
1.571266084212376013e-01 3.457333562148656725e-01 1.266878663646943126e-01 6.053236610712012938e-02 4.008456709612459590e-03 1.638466613512459466e-02
3.155638363193308260e-01 3.802525850082054681e-01 3.280999235648822676e-01 1.269138351603945059e-01 2.194520584098758401e-02 4.160973221784284443e-02
4.633677939547664604e-01 4.062836444726821705e-01 8.434061010485799370e-01 3.313081854653873171e-01 1.819663995769102427e-01 3.313786876145252136e-01
5.727675362871177400e-01 6.743899489261403479e-01 3.925304461091195796e-01 3.626803881790531814e-01 1.568001908693519575e-01 1.652590897861244412e-01
7.661621792213086923e-01 2.091509705874197156e-01 8.662195959443550475e-01 4.703244857531811429e-01 3.684027107809026425e-01 4.681750091036110950e-01
2.946683640539422555e-01 7.514471374983250351e-01 2.058247349950634852e-01 2.640116265588106637e-01 1.098644705635848234e-01 1.209779942317178586e-01
8.799420993224810195e-01 1.152041446168872163e-01 5.661951117390113808e-01 4.458152108431839289e-01 3.689945941261746354e-01 2.433548409306764415e-01
3.770104114124207539e-01 5.759985080001063240e-01 5.567811866542330401e-01 2.653366731159571557e-01 7.672627619385335995e-02 1.048152620781962058e-01
3.506047286894242720e-02 6.553105289715472903e-01 8.295117842855445067e-01 3.248888379895734646e-01 1.679219660873400022e-01 2.952501438104889742e-01
5.021670070712893619e-01 6.786252967460604246e-01 6.146208525741736484e-02 2.936020501565041463e-01 1.217578653138018246e-01 1.424567926571857490e-01
3.701668877006081271e-01 7.859564471044477862e-02 4.645104788956516684e-01 1.178444691952303669e-01 3.726630133670341682e-02 4.610341214192197057e-02
5.045070820927468613e-01 2.909162827937082918e-01 4.043887299000992197e-02 1.523702514928249874e-01 6.550565806433086835e-02 7.778869990881245866e-02
1.779221370879636721e-01 9.897949222520130430e-01 5.634730419841476046e-01 4.594736731819974995e-01 4.109440319040080225e-01 2.517356562744144099e-01
7.831646601488836401e-01 3.280407292588192192e-01 9.209108823168786762e-01 5.298979590401442508e-01 4.245243108585089464e-01 6.145681143497988552e-01
5.554037162210435641e-01 8.646980716218710672e-01 6.796773357329284337e-01 5.365682935929521058e-01 3.347644989724372078e-01 3.041403337353570380e-01
5.454121677455590067e-01 3.903211542765371300e-01 1.742668009902527126e-01 2.049549439546178575e-01 8.558644218698276129e-02 9.789875570771602864e-02
6.990467442089554062e-01 5.829477083952544492e-01 7.270555100515002644e-01 4.833732730702932079e-01 2.695030841732757310e-01 2.883259060557429310e-01
2.229570921172558950e-01 3.080769493031816353e-01 2.995368039482997347e-01 8.041813569169753428e-02 8.726276723260484314e-03 2.124890175207220719e-02
3.367732124959056383e-01 4.759888030162373607e-01 1.464717793728986805e-02 1.390339946720474396e-01 2.907802079633067804e-02 5.664579773936854329e-02
6.677521409043245537e-01 6.562443513585557442e-01 3.486880337376291328e-01 4.014818685649019780e-01 2.026949310814341043e-01 1.918956578543972447e-01
6.642652357578511246e-01 1.247734368046773401e-01 4.793613297830697784e-01 2.681844415523660374e-01 1.609104541313092496e-01 1.342135548216590313e-01
8.956768979828244603e-02 1.754233011533574693e-01 6.403158465531741950e-01 1.120868621564969497e-01 4.275582279838729266e-02 5.237909612703536832e-02
7.742184211835230201e-01 8.383195935007475841e-01 9.114088567865654689e-01 7.437945181800270644e-01 5.742441560333055861e-01 7.102059782210201622e-01
6.297704935743978494e-01 1.468479329409881906e-01 3.429039566315330578e-01 2.229320447074982503e-01 1.292905589772912756e-01 1.143774540125885725e-01
1.480046220242967614e-01 2.285435740703500862e-02 5.701372588903714789e-01 8.718708913825871931e-02 2.823738626642779623e-02 3.057376945837013069e-02
6.362683810944590457e-01 2.950911578882235986e-01 1.016036656418531914e-01 2.262375574375863618e-01 1.306438265205457083e-01 1.206716950599573263e-01
1.833000632216633674e-01 6.218273948076402657e-02 6.906338565071319380e-01 1.297913833625076174e-01 6.038566561273652628e-02 8.654072327159367806e-02
8.877091900774637390e-01 7.580130390432195941e-01 5.353149118959306119e-01 6.560679022946899197e-01 4.737720877945789111e-01 3.390661401791564833e-01
3.309005832665131708e-01 7.631968035172423948e-01 5.436934324867792601e-01 3.411386229378932655e-01 1.445618466629815801e-01 1.502594550847509702e-01
6.237390131022094719e-01 4.840963138415678158e-01 1.946109693797160034e-02 2.720154746358877662e-01 1.329131801600572094e-01 1.361064547382530854e-01
1.751965878952270739e-01 1.359202592325852166e-01 2.065827385884738687e-01 3.151233345177807676e-02 3.185266333945619820e-03 9.331832691276647010e-03
1.430833562274347326e-01 1.206555574696170918e-01 3.098179959218463342e-01 3.778595281234032460e-02 3.805349648513573543e-03 6.833280985228715187e-03
3.347985275922993331e-02 7.059522176671689797e-01 4.979129114121825239e-01 2.470435388260583121e-01 8.613260589344014229e-02 9.096526174225598449e-02
3.491790754813850484e-01 7.550514926846880748e-01 4.420223695804370578e-02 2.730842729756376430e-01 1.203057956431562991e-01 1.322721541974755111e-01
5.405252676498734088e-01 3.450755897173017894e-01 7.763725432172596808e-01 3.248826166009411986e-01 1.729780652549864350e-01 2.475037119501030392e-01
1.489857630149229450e-01 6.407910010513199195e-01 3.960839966421380032e-01 2.024028540594571823e-01 5.138789572929309407e-02 6.874518452616358577e-02
4.450532477116722063e-01 6.809816713602390159e-02 7.908539873107311990e-01 2.426726328053265824e-01 1.428905466736856422e-01 2.297702021153731899e-01
4.660334704999568034e-01 5.739584729215813086e-01 8.875484769627914883e-01 4.125145179297761144e-01 2.323106734110151339e-01 4.511772108148291993e-01
6.942989277805422521e-01 7.570588741931413290e-01 5.053274062286396973e-01 5.038460504659862949e-01 2.851478744116957009e-01 2.470177064818842583e-01
9.297232322184485476e-01 5.783321984038839458e-01 2.308385264941125170e-01 5.464669676105280427e-01 4.314782691267598502e-01 2.892028323262619827e-01
8.481587368314003061e-02 3.583783202456519712e-01 5.447599495068031761e-01 1.218408994439415388e-01 2.486376227083651400e-02 3.102059921153485847e-02
5.446924646447662832e-01 7.153544940615382819e-01 6.955324212655762395e-01 4.471141871444989646e-01 2.157766835334946620e-01 2.475242788683217066e-01
8.635060016631725954e-01 1.677727476393443551e-01 9.218468345231186634e-01 5.627196989276880279e-01 5.061283189364499391e-01 6.478014729231084123e-01
7.420382204348430211e-02 9.671754291142344861e-01 7.930980664750548748e-01 5.038987449226001170e-01 4.407735150890668696e-01 3.833617895208215054e-01
7.005106323772830601e-01 7.370769967252318589e-01 4.774338322277879021e-01 4.902024628141679607e-01 2.738344323791152002e-01 2.384733370453994139e-01
1.451248852067638095e-01 6.978068868969315997e-01 4.897842579988429534e-01 2.502408018777471099e-01 8.268462622116988514e-02 9.287360677553899158e-02
1.507819161564587507e-01 8.720207369477395165e-01 6.395250196508773799e-01 3.941039379823193523e-01 2.469844503890349929e-01 2.054473518640494989e-01
7.924249159665777142e-01 9.586571993215196041e-01 3.541192540249862297e-01 6.725197526439340434e-01 5.807341610863183679e-01 3.794602855621437842e-01
9.459722674219186445e-01 3.623579350529214649e-01 4.162905507003962224e-01 5.124848163697433012e-01 4.363696813065259805e-01 2.683325926316948995e-01
6.311971692892193175e-01 7.835342813613938029e-01 5.199228143533723978e-01 4.833152006113154986e-01 2.640114073349030255e-01 2.361873569749937951e-01
8.715937014009088601e-01 8.034453066997016002e-03 2.504210538306190781e-01 3.731221937984759429e-01 3.344267807860646369e-01 2.156709088964337551e-01
8.474758500214329970e-02 8.174406090766620503e-01 4.971678343350225404e-01 3.138131953583952471e-01 1.627321527180117799e-01 1.367033863157959828e-01
3.586979037279565130e-01 2.703680178920946364e-01 3.179420775859435055e-01 1.121074407720228511e-01 2.639612372310802882e-02 4.171555118177665278e-02
8.477835903143298157e-01 7.934431313318284218e-01 2.844064821975039736e-01 5.956229894953651849e-01 4.351866344414605514e-01 3.176152040555537681e-01
1.247280788743381219e-01 3.157359073254458748e-01 3.421026582670372296e-02 4.522919581961883789e-02 2.241598715997661796e-03 1.155592587509668943e-02
3.665768705880596556e-01 7.346697671740293201e-01 9.358324170995038216e-01 4.735758803406234230e-01 3.041519827900605599e-01 6.044699119420083866e-01
2.830475882990673986e-01 9.179721088227976722e-01 7.819368924145080335e-01 4.999442020654870644e-01 3.681577812975003750e-01 3.603709595734523874e-01
2.199512338435978265e-01 5.041358683324030920e-01 9.682112894478693832e-01 3.397922762358118187e-01 2.397470371656719723e-01 6.270137122901351390e-01
6.095036535468485450e-01 2.051704679158550260e-01 8.841756887738028148e-02 1.929465211251177315e-01 1.141868142812670628e-01 1.073415696144402881e-01
8.802880585018657555e-01 2.411594524275220142e-01 3.311877363306527933e-01 4.133045589510776496e-01 3.468726564772997012e-01 2.239352472350288059e-01
5.266759105078296921e-01 2.010865504564971484e-01 6.902540182520957579e-01 2.584516316818881720e-01 1.308605250875410908e-01 1.572328932170717897e-01
3.717587530703314602e-01 8.743787222847148044e-01 5.553309602688101254e-01 4.263956296903747556e-01 2.557215246702614353e-01 2.117090884301931764e-01
1.210873795410067899e-01 3.859315047462066328e-01 4.891947011688291269e-01 1.195528437236791364e-01 1.876330247631741166e-02 2.692325279937616764e-02
3.530750385760177412e-01 6.642471964290364017e-01 7.732365657986691732e-01 3.662860787267551155e-01 1.642718005909479528e-01 2.534472774847666976e-01
9.194665124520163824e-01 7.440035412659883329e-01 4.093484763700675488e-01 6.471342438347102988e-01 4.903629789724251453e-01 3.366151511280291997e-01
3.861218554103640344e-02 2.637156502313199313e-01 9.797152022893174106e-01 2.533044671178115159e-01 2.325174169785236555e-01 6.317039416792156192e-01
4.287348696295645301e-02 7.008151077820977681e-01 2.536692658524472010e-01 2.013638464309964182e-01 6.918715681696276099e-02 7.882119494656637804e-02
4.964481562627487410e-02 2.904470324679988558e-01 6.934012854474091991e-01 1.463820474766241997e-01 5.910191230446137922e-02 8.508351727941464160e-02
1.962099288507418438e-01 4.963646934206654704e-01 6.932737358696221541e-01 2.244701339547408303e-01 7.410721859341032336e-02 1.174104306201947390e-01
5.080261400117070947e-01 2.345726771787827181e-01 9.387969676495996341e-01 3.503397452985087535e-01 2.618957462109415824e-01 5.616319099335198572e-01
4.195916145454255952e-01 3.121772684427039923e-01 4.170637502765351945e-01 1.608323325311347141e-01 4.601334416376780950e-02 6.057809532350734438e-02
8.802955748102686551e-01 9.435434726274599671e-01 5.994580274756650118e-01 7.861702102933791902e-01 6.773181739335958351e-01 4.433564417795358148e-01
1.172496478043670853e-01 5.644174822960099647e-01 4.915817974699907555e-01 1.836774605400396387e-01 3.859148056444344083e-02 5.471117387513040053e-02
1.853720217804996073e-01 6.227938089237972097e-02 5.845606585025162616e-01 9.825689487047142845e-02 3.260896214916519931e-02 3.809866844218701143e-02
4.414015044646923958e-02 3.867981980153047949e-01 2.643696222030489373e-01 7.385457764512173839e-02 4.761311594173668442e-03 1.392750403111339512e-02
7.900193808828421815e-01 1.438032113683687108e-01 1.759347932843645657e-01 3.094801652074938292e-01 2.485703059407532722e-01 1.777419660517287059e-01
6.886082662893600048e-01 4.218571883828658997e-01 9.076780136641788843e-01 4.850986958496836809e-01 3.407253703184546234e-01 5.481373703100304029e-01
8.663207098639627013e-01 9.287208274277204412e-01 7.687568151717637521e-01 8.188130147509803392e-01 6.937107592647155929e-01 5.410616657213741520e-01
2.098570433977722249e-01 4.160407229288304309e-01 4.302085658158283366e-02 8.652007184153973074e-02 9.676603762007107354e-03 2.883486974029400920e-02
3.145838522431213535e-01 4.914406415480856438e-01 7.442957408561370336e-01 2.684511768511854690e-01 1.044980525496761042e-01 1.755732627341289320e-01
7.592215105191926217e-01 9.156607043341088437e-01 1.062790247090827922e-02 5.882647393071601671e-01 4.797009125393368323e-01 3.377339549844015076e-01
7.845579526628297939e-01 8.556088219437786302e-01 8.605794835966869005e-01 7.412059814032073701e-01 5.660237091127405806e-01 6.048192274375195909e-01
1.918862163813173094e-02 5.535434064284728839e-01 2.428517173875237578e-01 1.296994540630260206e-01 2.181659739481126709e-02 3.874063134076581594e-02
3.304098226234480906e-01 2.999709783625746917e-01 3.657881435647554191e-01 1.169987194791934360e-01 2.365100567798917794e-02 3.879245957047288557e-02
2.746609821891256020e-01 1.013189561405281047e-02 9.485099794208319279e-01 2.477897094677757317e-01 2.142363461054499763e-01 5.378188670180564790e-01
6.108625630105755100e-01 4.987604905407601041e-01 5.500805740215596318e-01 3.412259047944284918e-01 1.502776223083492346e-01 1.536556575916314948e-01
6.182094231630048675e-01 7.397396923882171293e-01 9.327650627425251306e-01 5.919241970630579885e-01 3.988234007231228895e-01 6.673482268722263910e-01
9.266216425243251065e-01 1.276382983596784371e-01 1.404137690446777276e-01 4.157774171322558554e-01 4.007736669467695800e-01 2.440427980002210229e-01
4.622278634722544188e-01 2.517775678304581266e-01 8.988594223939642136e-01 3.152304791397216865e-01 2.145045315682755638e-01 4.382548177460183214e-01
9.940830827065767483e-01 2.838872069268066900e-01 7.851171548224226138e-01 6.418726074696460282e-01 5.911102409147057646e-01 4.516088286081067493e-01
2.157003515286468609e-01 9.620249723644896944e-01 9.269766558948292490e-01 5.738044577888873343e-01 5.229349265235048172e-01 6.651979569634649536e-01
3.494541623650652129e-01 8.821394425021267249e-01 6.352281767529970313e-01 4.463847312822933899e-01 2.776904425780393759e-01 2.370153056088987187e-01
5.123286517660162742e-01 1.023954599049604619e-01 2.035485916047504729e-01 1.375288264501293156e-01 6.815675925213732222e-02 7.475151970793383893e-02
1.820545939300857174e-01 6.947585745993050121e-01 9.456705153497735328e-02 1.998740057120256264e-01 6.827120961145237421e-02 8.550551402108214072e-02
4.037021810765804020e-01 2.800283502247714607e-01 5.524189367209263457e-01 1.784250550772375488e-01 5.727471284930252954e-02 7.136819917139773650e-02
8.204149487529553975e-01 9.571417204676673229e-01 3.414309415653283830e-01 6.906353164347154294e-01 6.051281299210998776e-01 3.910443840663322956e-01
1.131227428088655840e-01 9.177698869267201243e-01 6.280469951787908123e-01 4.168813904894225764e-01 3.022231891133335124e-01 2.225808618025715280e-01
4.987094898975004131e-01 7.519034485320282846e-01 9.567415578058746650e-01 5.465011109579899218e-01 3.702525528200085181e-01 7.109198416760201811e-01
9.373563542451435193e-01 4.764231059662171752e-01 7.367033581816094800e-01 6.280561834318920678e-01 4.988043620104053999e-01 3.871539756140521815e-01
5.092096970974258063e-01 8.398189970072545973e-01 2.195540042652388557e-01 3.997949007977030234e-01 2.353778471999534716e-01 2.080512211471180484e-01
9.590209287932516258e-02 5.163969201919101915e-01 2.302666360957628111e-01 1.174628295927598182e-01 1.594584630155859023e-02 3.396479742903677629e-02
2.274561732793332069e-01 2.300010154008773622e-01 5.913985715631734363e-01 1.268449172119683055e-01 3.698614466957557412e-02 4.777828354475897876e-02
5.167501483101821780e-01 3.022397051439915661e-01 4.244058857788857164e-01 2.028940673531894612e-01 7.867349600085446482e-02 8.615783576990869441e-02
9.605682414385128265e-01 1.360943915224707146e-01 3.513517496157558817e-02 4.424766992544194588e-01 4.463487636437397654e-01 2.623103404742930245e-01
7.259915969074212105e-01 4.132546114768029799e-01 3.853825551346405920e-01 3.480603292615908617e-01 2.031026427396765144e-01 1.678505877431707705e-01
4.156143980836025653e-01 6.592486918751135905e-01 4.487664490603388012e-01 2.929566912877281659e-01 9.653089825221720932e-02 1.198123882443708765e-01
4.913968446581663541e-01 2.724803749131936570e-01 7.563984425629399766e-02 1.432564181745187015e-01 6.036750714062418671e-02 7.308875781184369369e-02
8.689511926499042804e-01 5.341193928287601977e-02 6.437554903074947932e-01 4.549488465450872710e-01 3.736570788847570213e-01 2.647007933210533959e-01
3.474544102876194751e-01 6.868760370700048856e-01 7.443042896422080723e-01 3.656111851315156369e-01 1.599951974336556448e-01 2.283619039285663954e-01
9.188610724569732380e-01 3.042258342918531255e-01 7.038356782545277524e-01 5.499750262308351623e-01 4.535204433120532119e-01 3.321067423891597703e-01
7.349489811300609077e-01 5.962072918265384214e-01 7.279460871130494226e-02 3.901432164769672584e-01 2.302699848868377530e-01 2.013177475714232334e-01
8.008654976781269808e-01 2.367812606471066950e-01 3.098267071477940338e-01 3.463090440088797406e-01 2.612921888361321443e-01 1.855806540598600174e-01
5.875461205088334804e-01 6.814508815969895217e-01 8.275924079040601899e-01 4.995661478009786882e-01 2.794574104737850284e-01 3.975889244241017639e-01
6.135748698989677008e-01 8.535002595676668413e-01 2.762751711980226954e-02 4.526173857675278023e-01 2.987901841501272027e-01 2.478888390880666093e-01
8.087942200231647005e-01 4.643928732705338014e-01 3.442778588480377433e-02 3.901900423884441249e-01 2.751329612731542307e-01 2.082888954726367647e-01
4.444021420301262904e-01 7.157868760598851132e-01 1.049733882739118940e-01 2.890728477724060497e-01 1.199254174214788304e-01 1.392481897574025795e-01
8.808447906318253029e-01 8.200605149339820210e-01 5.988853711384224399e-01 7.042919258949132955e-01 5.259710332775087149e-01 3.779669134235832950e-01
5.643432158166695745e-01 9.978218727096538343e-01 4.206904884646451848e-01 5.676394625952866368e-01 4.968954773473466813e-01 3.197298372921700826e-01
7.624845207322350493e-01 5.411057414312470115e-03 3.670961484413410858e-01 3.060064914735063923e-01 2.278084935467660777e-01 1.666553956375115553e-01
9.883089055811572488e-01 5.902677626701039459e-01 7.816490707803311899e-01 7.362498149147739257e-01 6.089850381497552423e-01 4.854870089543779632e-01
1.941149629146154965e-01 4.672550990279832339e-01 2.117683605077240738e-01 1.107295040557468996e-01 1.316264982945509684e-02 3.390339774244736232e-02
3.218473609198935215e-01 5.367710486024360739e-01 8.278903492716709334e-01 3.192127926007151117e-01 1.530262879524710018e-01 2.928238676990788658e-01
7.071024285892040240e-01 6.571019873501922071e-01 4.340045640530093563e-01 4.431720723300777154e-01 2.363278759676578633e-01 2.109588861012565986e-01
3.871831869797436321e-01 6.332686851233815251e-01 2.594961384064773391e-01 2.379069914744180170e-01 7.140112590035725681e-02 1.003736455585701737e-01
4.221653835308207814e-01 1.434754801561821669e-01 5.661494088251628476e-02 9.258426660540101938e-02 3.791657797687086190e-02 5.122666143254540200e-02
6.202497277963675559e-01 1.784199774578379971e-01 1.468841192580243593e-01 1.985520493205781833e-01 1.203530378803563811e-01 1.104260196419892537e-01
3.944875883930557547e-01 4.033613370826760747e-02 8.598630533273523557e-01 2.483783063822076476e-01 1.685594428015248780e-01 3.307927442604413626e-01
7.160493218281117622e-01 1.244882524465640294e-03 7.325954538200547539e-01 3.684024530970935740e-01 2.574108945084620514e-01 2.550760071176044752e-01
5.220224501430882347e-01 4.120085186800749311e-01 6.341275037347648968e-02 1.935310821183947594e-01 7.642416701816537317e-02 9.317332639446070097e-02
4.310297745034453731e-01 6.117613316302420445e-01 6.668567361961271756e-01 3.337171445521072144e-01 1.246400643731852970e-01 1.670248733236888994e-01
9.842193980835078904e-03 5.910746968241998855e-01 8.969271885364552555e-01 3.215928050079672751e-01 1.920214196699547016e-01 4.161176964079255636e-01
6.889253350593510516e-01 5.793691855630589416e-01 2.098749591329585051e-02 3.506196154886994099e-01 1.909587231496695514e-01 1.787674860238141761e-01
4.420444651958707061e-01 7.021713794144877063e-01 2.577512313864859239e-01 2.938711526242966943e-01 1.133757380970227824e-01 1.342028727666642052e-01
8.536478767488112629e-01 6.209990006292510634e-01 9.939445750346702635e-01 7.222011603357872955e-01 5.962157171876746320e-01 9.448517644169056595e-01
7.774938185631804499e-01 9.482549988939711350e-01 8.782406873287704752e-01 8.063031852472708483e-01 6.953522064191939300e-01 6.903853969829064630e-01
9.075383178360070247e-01 2.665071850643815354e-01 4.233233270471000731e-01 4.575330600739773712e-01 3.850416769249812576e-01 2.420133490425238065e-01
1.054719155909330519e-01 9.237600267664979325e-01 3.230784313089878346e-01 3.518492118793845602e-01 2.743263613219145691e-01 1.828489190261677610e-01
8.309732829848526237e-02 9.299382343153402841e-01 4.070621458148782068e-02 3.299554647129459006e-01 2.804660132437495901e-01 1.844588932644916079e-01
3.448925378847267353e-02 6.610176045246963783e-01 7.705727924025824738e-01 3.054642154579585434e-01 1.396390884650560715e-01 2.143504814346988419e-01
5.792889866360847462e-01 3.554281898921667349e-01 6.878341370093410401e-01 3.175202505773819239e-01 1.565399820566477918e-01 1.804840817605933845e-01
2.257239949825344816e-01 1.394319876438367967e-01 4.901956702627419116e-02 3.193413560775162918e-02 5.814359853631643517e-03 1.506844579765380387e-02
6.759386122664159391e-01 7.753327166659552683e-01 1.623094098727670964e-01 4.485384311416978353e-01 2.685730591907311005e-01 2.353896847826605354e-01
6.219706780749257868e-01 3.081134636877911337e-01 3.422295193518000156e-01 2.459025033012775807e-01 1.257385972846039313e-01 1.175136668445014299e-01
9.258985459247649485e-01 7.868166339910188656e-01 4.715702072121451538e-01 6.903887463378122202e-01 5.336632043024986949e-01 3.615248031540719831e-01
7.784788922165968295e-01 4.903034028069500616e-01 3.717994297516242774e-01 4.091486217384360802e-01 2.538075965220149000e-01 2.005328814011538285e-01
9.671692679062440234e-01 4.339676383387062186e-01 5.582916799045677392e-01 5.857659414131941578e-01 4.862569237310101489e-01 3.053692024166139163e-01
1.826514542126242979e-01 3.483800488160692099e-01 9.990188718399894974e-02 6.388481023139132298e-02 5.161094805377642800e-03 1.905966725282642188e-02
7.530568423741255124e-01 6.234439828694349206e-02 6.121187956856606327e-01 3.573056350416652927e-01 2.504072652225558526e-01 1.982266030613338281e-01
4.127432988749208942e-01 4.129528402399995635e-01 6.518337994492338083e-01 2.448976542233956555e-01 8.570247637324628076e-02 1.187024721908253588e-01
2.047651490907792526e-01 9.112158699571547560e-01 2.529711712162042714e-01 3.481689561693964152e-01 2.584402453290216561e-01 1.837774874271405623e-01
8.582273153186199544e-01 6.292931863458435249e-01 2.636690301477242482e-01 5.132242260871425765e-01 3.593054170415319604e-01 2.657289177304382743e-01
8.765268254078535382e-01 4.021623745942479733e-01 8.301926275279669643e-01 5.859420187278781000e-01 4.629753637955873469e-01 4.648824165235735939e-01
9.222532015817394013e-01 5.430300615183544233e-01 1.331911155928665602e-01 5.166218247684780662e-01 4.141244991227934769e-01 2.776172803406269929e-01
6.957515343784246298e-01 6.577194894088389532e-02 7.566572834056795038e-02 2.312991650355059881e-01 1.696117409854437652e-01 1.373800823988649278e-01
4.323877100446695820e-01 1.821311506996786678e-01 3.426733132719229635e-01 1.283901784020597403e-01 4.426165252401992323e-02 5.555367351501199619e-02
1.022455852870327586e-01 9.350563780486488286e-01 1.311266224576406181e-01 3.388952372379557265e-01 2.885845157030678676e-01 1.884991496804455380e-01
6.343590957013688358e-01 3.920434603599132206e-02 6.608981617476101800e-01 2.933888150816092999e-01 1.765887108156683760e-01 1.732610617564511457e-01
4.356157164585349184e-01 2.031631796218499320e-01 9.661745955404719144e-01 3.252229152206090323e-01 2.611806156035335058e-01 6.326109234117179847e-01
9.966615605628497132e-01 6.391761238853705951e-01 5.632480622538593718e-02 6.234204083240295624e-01 5.415384592555375631e-01 3.410375972652003873e-01
5.281947830441092728e-01 4.575014375809465239e-01 5.138885979003413595e-01 2.728443751453490385e-01 9.984277716604658681e-02 1.139321216230345241e-01
5.746832238636445656e-02 7.736121304765593010e-01 2.891082582730405415e-01 2.470909983145492539e-01 1.134837237074554639e-01 1.064189954891970324e-01
9.889068627396231381e-01 9.478415687235440812e-01 4.570053495642989461e-03 8.002518375754685831e-01 7.952142348314875653e-01 4.706546031282276554e-01
4.294296792721277178e-01 5.992871744596561800e-02 3.868931575292221536e-01 1.236344903095506209e-01 4.552121542901618051e-02 5.473854292178980535e-02
4.328985847867743431e-01 8.439542279888535559e-01 1.401210820237283050e-01 3.617752561120625709e-01 2.134372163057970395e-01 1.895786953319266999e-01
9.965123752273743474e-01 3.336610149349787946e-01 8.733736715972020281e-01 6.902707168918573721e-01 6.464996649976657572e-01 6.048625379340396568e-01
8.362550633883629736e-01 7.458302988851016613e-01 3.076744330287596307e-01 5.620607958281453875e-01 3.897315967346908772e-01 2.931273600783013134e-01
5.184276316615796798e-01 9.299235518906292519e-01 9.837780740355923648e-01 6.813052440539265620e-01 5.861682153176915877e-01 9.016177878143427638e-01
7.314452387913288334e-01 3.523468478227219647e-01 3.144293111165424870e-01 3.225041359739316826e-01 2.017170995718524928e-01 1.623781703585225056e-01
2.485576610909788764e-01 6.967630410028423649e-01 2.266319664223415131e-03 2.123256222182165753e-01 7.389170962516002084e-02 9.428903049176808049e-02
2.457986050782752230e-01 2.660545773048401674e-01 5.149574862247450202e-01 1.177431818131306762e-01 2.572170544568695358e-02 3.463665979116495319e-02
9.973135021915724430e-02 2.967993105328693426e-01 2.293076533630178382e-02 3.805407459932382691e-02 1.427449771678908396e-03 8.754669152321937695e-03
4.840059250245631883e-01 4.193358127798090251e-01 1.648849501835063514e-01 1.832538109728843456e-01 6.250799787933400409e-02 8.320038020974297732e-02
7.276700084344520647e-01 9.258212552620466163e-01 3.630787162482100872e-01 6.042593591214514559e-01 4.724372561062050169e-01 3.319150036731691178e-01
1.094096027515699676e-01 5.573451304792971239e-01 2.919494702430753819e-01 1.429576627357958818e-01 2.415494301242735939e-02 4.312399928661665022e-02
1.198133243848339413e-01 7.534794940879899761e-01 1.083462505757027960e-01 2.237602222918975148e-01 9.874122151665505609e-02 1.011500018854964711e-01
4.822317130482086656e-01 8.012120186876825478e-01 9.529690040159856101e-01 5.660747981442116883e-01 3.971484937689332972e-01 7.138434975105928393e-01
4.278281754584561947e-01 5.009536750097922653e-01 7.055725607748644101e-01 2.984274187451385063e-01 1.145481740369879153e-01 1.679498102306567209e-01
2.328518442160415480e-01 4.627065768492576447e-01 9.311849535388484478e-01 3.108479574489859121e-01 2.042172982340421383e-01 5.002070120584432011e-01
2.646331101710786005e-02 9.738925692689771596e-01 8.733917141689250263e-01 5.381078429775393301e-01 4.994751851754671845e-01 5.245979043549279242e-01
4.406670871678296519e-01 1.099317036099799472e-01 6.241382219187169289e-01 1.880177903540009854e-01 8.130794443162654705e-02 9.730770027070106964e-02
7.528161031519003954e-01 7.228119539284485473e-01 5.399860298628651467e-01 5.332072925493313020e-01 3.157443523095119775e-01 2.640442446541867438e-01
5.210985746030932786e-01 8.504607713928431512e-01 5.382532628246131656e-01 4.693155332876019492e-01 2.716307580142318656e-01 2.338666712477058818e-01
7.672612707772079599e-01 3.333925311078066445e-01 5.198736985581842163e-01 3.833393347771006932e-01 2.475092964654626304e-01 1.894024487388681621e-01
8.980235395582155666e-01 3.134989284737709214e-01 3.146830182000913689e-01 4.408062238056805748e-01 3.683876699631812301e-01 2.364440217126582422e-01
3.125279072055997531e-01 5.613206019862724272e-01 6.076950196391340819e-01 2.520481391350956057e-01 7.216091347634392972e-02 1.035590757462767214e-01
6.715825030471906931e-01 7.760612693206473400e-01 3.281710537979143361e-02 4.402374833929428299e-01 2.659424562487167076e-01 2.340100478730552935e-01
2.686638532410066116e-01 7.682471731757843925e-01 5.158125077991404517e-02 2.573725173236931507e-01 1.175790618818662037e-01 1.233725113200443979e-01
5.774693949118097080e-01 1.160007610745961149e-02 5.862796010666316837e-01 2.383961557462263847e-01 1.267227413339340192e-01 1.233946273389909670e-01
7.976443245519282410e-01 4.318819681224759233e-01 7.020938475068244644e-01 4.867165653571978168e-01 3.227984363901982845e-01 2.837028432672928924e-01
9.061676510303080523e-01 8.292340076611826039e-02 6.851151779612190129e-01 5.005882184902122889e-01 4.301875111326642354e-01 3.063993120416462212e-01
7.081495526417750375e-01 6.672795720412695308e-01 3.432479854016147192e-01 4.323214143196470460e-01 2.356241770138589875e-01 2.108381589660301425e-01
4.165792350326262827e-01 6.812977694747458512e-01 6.503581560714012388e-01 3.567423161932564701e-01 1.405858949234727318e-01 1.746540907744801030e-01
7.094348727519853570e-01 8.780249052232653728e-01 8.018475715150606975e-01 6.799075644879816194e-01 4.941278708388483487e-01 4.848761388639918901e-01
7.701826278559531502e-02 8.706068422707916588e-01 3.088705255596089216e-01 3.112944977298097160e-01 2.040199948231850302e-01 1.520485017141760820e-01
2.318140507137882445e-01 8.266139941404548885e-01 4.396171012307390491e-01 3.287480845813656183e-01 1.711578700634325545e-01 1.485395539560389611e-01
5.877028448840521113e-01 8.674493958133445703e-01 5.644290821079581688e-01 5.219672771255843280e-01 3.256479596365127738e-01 2.690343535605853043e-01
3.253668948641774694e-01 6.125840688511927645e-01 5.102068951567905186e-01 2.529167399160910379e-01 6.916029992671174353e-02 9.470658006075403923e-02
8.294975305609261218e-01 8.898433546321313781e-01 3.175780280443868397e-01 6.470947381272247334e-01 5.147457825868433368e-01 3.558075451319083760e-01
7.946962327583398933e-01 1.714752236863785750e-01 1.507288197302959487e-01 3.143260279357924514e-01 2.529299660986012444e-01 1.803010123964936817e-01
7.619881771219716438e-02 1.140338501995327158e-01 4.372224426942827868e-01 5.272735398827434194e-02 9.431902289563276823e-03 6.937673873654494339e-03
9.814240505278525317e-01 6.774728690412795684e-01 3.212570977619210177e-01 6.518211544330703155e-01 5.362130972300757081e-01 3.445699015001050802e-01
9.957921970191616623e-01 1.358675033762833939e-01 2.968656220112235733e-01 4.954482697318531303e-01 4.992269515344247011e-01 2.823406923850989014e-01
9.768602607399443638e-01 6.645131416261845780e-01 1.738361169250006721e-01 6.238308645242160999e-01 5.218582090103573989e-01 3.373021475356943188e-01
4.968185862680631892e-01 9.416853320057819721e-01 3.585197974236878915e-01 4.813358467489032844e-01 3.642391620240941208e-01 2.610274413699775198e-01
1.587948147854854053e-01 7.717040173523159741e-02 9.214044212988710125e-01 2.143568725331158331e-01 1.835031136549572506e-01 4.412201103166117355e-01
5.979218463036852782e-01 6.454085914083290687e-01 3.573255810120716802e-01 3.559115689464706356e-01 1.568688532530756463e-01 1.639011460547595000e-01
3.088751707959391801e-02 7.315689195589054616e-01 8.128400543887180918e-01 3.582084898539625306e-01 1.943493749052021269e-01 2.936639936578664400e-01
7.193202124765463168e-01 7.735015513209519966e-01 4.415331692440028766e-01 5.157798334849252875e-01 3.085483597221894692e-01 2.570535947653682096e-01
6.949596643126338957e-01 3.362493396678378765e-02 4.731776894955791457e-01 2.810255484388382574e-01 1.816468529725445702e-01 1.449713092446090479e-01
5.173502807884842181e-01 1.033231141997362768e-01 5.267454669719955351e-01 1.957023213313008048e-01 8.911964647748042700e-02 9.132253112045701782e-02
8.962781858963320136e-01 4.758419062519138043e-01 4.711242866111021721e-01 5.166726821904987776e-01 3.848091627386818203e-01 2.600801433400533602e-01
7.073429868801109910e-01 5.319120623866235853e-01 3.114379110026022079e-02 3.429740716020623914e-01 1.953759616835426538e-01 1.760812657282433691e-01
8.804640898557244411e-01 8.102465290174685197e-01 4.398395522611932007e-01 6.589782026064209264e-01 4.938292236881952624e-01 3.457517594624626711e-01
6.960664903573381412e-01 2.541564683866670560e-01 6.021426783257952664e-01 3.384034231931903336e-01 2.033614718557846535e-01 1.749677813927586201e-01
9.123050966746426571e-01 6.306615462676216088e-01 8.667788163564291715e-01 7.198198057184274079e-01 5.646950779506293427e-01 5.937670856112187145e-01
6.096180407159965675e-01 6.139713796961099312e-03 3.792063488098882384e-01 2.092110481333123440e-01 1.192956407929550849e-01 1.075295394103986668e-01
5.933648358950782686e-01 6.427155434719786786e-01 8.080710151274412834e-01 4.759230197480225355e-01 2.567471467156425824e-01 3.575703428366328596e-01
5.328455416366880693e-01 9.162974649438155872e-01 6.732573264772193644e-01 5.576169749948095555e-01 3.881403292917816050e-01 3.211713075892073666e-01
3.529850724542534790e-01 5.138325651413021555e-01 9.231543593452562479e-01 3.593695230274492891e-01 2.194466160316471404e-01 5.050630662145676464e-01
7.523069803242860010e-01 8.881687421455202180e-01 9.430376026469710071e-01 7.743249512048064886e-01 6.362129198721777623e-01 8.183411978976374845e-01
8.028402527188818194e-01 9.822324545858185374e-02 7.835450042395593062e-01 4.524363567630317329e-01 3.555007593557595880e-01 3.471639725548085753e-01
3.342393153792651006e-01 2.559495139357368387e-01 1.453985205588046448e-01 8.239640561922073614e-02 1.935876481956958980e-02 3.550204772005730036e-02
7.902521449188258940e-01 6.292288785226476389e-01 3.675596524407827026e-01 4.758069251917497189e-01 2.928573737513537334e-01 2.354353576469254972e-01
5.890041761553791444e-01 7.289937753253675767e-01 7.149257276086889989e-01 4.846926126768146270e-01 2.516242196506839335e-01 2.810214561588981752e-01
4.291211127667057257e-01 4.849613342343672695e-02 4.880593723473177770e-01 1.439164638132601481e-01 5.408016053241862520e-02 6.184684893558945601e-02
2.680220504415320448e-02 5.226584224185482075e-02 9.521795280448069887e-01 2.151839739896797554e-01 2.069841202562384963e-01 5.287591705999770131e-01
9.000581042269265586e-01 5.463827975096163803e-01 7.014440985929857320e-01 6.107735134558518464e-01 4.477562134627813828e-01 3.512885259804160998e-01
4.184314474721312349e-01 5.221294804097180720e-01 6.337141742987084658e-02 1.863945596938155480e-01 5.253040819741711803e-02 8.196852950306106333e-02
4.932619055967666366e-01 9.854403102089670519e-01 1.990756776835834740e-01 4.905252089668106219e-01 4.352125452357046287e-01 2.862287005027397413e-01
4.038112166834917360e-01 5.091507093573451881e-01 5.611792318862117712e-01 2.489951550342642816e-01 7.191557030579749654e-02 9.835823815980621054e-02
8.905274882954001825e-01 2.366437595824919526e-01 4.762691902417474088e-01 4.486694377487268071e-01 3.688963262664719522e-01 2.362443280651185251e-01
8.955277098372038669e-01 8.293473169860431371e-01 2.886333026724482442e-01 6.574368494643335614e-01 5.214815886384133181e-01 3.573559079893925960e-01
2.525915502412715563e-01 7.646888193897524166e-01 3.062832772111041546e-01 2.728584683205275696e-01 1.156694510949022037e-01 1.201582589888533781e-01
9.099630508697771347e-01 7.408884724859288173e-02 2.467009266775203047e-01 4.069742766990856464e-01 3.803728208477067940e-01 2.351388256650064901e-01
7.208055708252099070e-01 9.060107267701156264e-02 2.589501578078475807e-01 2.639670596837993544e-01 1.897275377629598914e-01 1.477654954556072153e-01
5.588130931540399304e-01 1.134459378516911032e-01 8.954542978548749588e-01 3.412401706867398410e-01 2.497716711826966363e-01 4.545174178664093678e-01
1.628121884487243598e-01 8.561428529249590635e-01 5.547614567425583898e-01 3.616560575081266826e-01 2.113292780651350733e-01 1.706013999038257234e-01
3.181768805734870309e-01 3.278594280535351846e-02 2.373361631796895299e-01 6.143878730138730565e-02 1.701989411441528696e-02 2.885233949250303603e-02
9.228044353610044270e-01 6.460877713407213729e-01 8.774192318643805333e-01 7.407158966725674309e-01 5.903198775521226738e-01 6.263552454959243621e-01
5.523873791513882470e-01 9.146189221165252903e-01 3.746656183238299409e-01 4.926685478601554591e-01 3.476878089591122767e-01 2.621464892930251978e-01
7.531724313430709916e-01 7.662424873339046538e-01 9.249501219083441361e-01 6.908582534120403240e-01 5.058640513563236185e-01 7.070895037455882104e-01
9.923520472441270668e-01 7.121481330687110534e-01 2.664620911812687343e-01 6.725816383842979640e-01 5.671788542698790181e-01 3.615616595013311785e-01
5.550476275663385195e-02 7.395744875497609616e-01 7.517153222994690243e-01 3.411023620273428980e-01 1.696254243327876832e-01 2.206338710156655891e-01
6.883021761033660813e-01 1.908829621283497646e-01 4.854561560288032096e-01 2.927796812289716888e-01 1.782997370407838622e-01 1.452512180278345832e-01
4.387145589185972305e-01 9.374821803896861150e-01 9.884029671727488919e-01 6.527961368854100499e-01 5.745619136151527417e-01 9.028093759132459484e-01
4.164948143853963725e-01 4.602450443201967500e-01 2.507975627406422436e-01 1.765792346432557558e-01 4.569895819905470113e-02 7.150806595535033616e-02
8.042645354282613734e-01 9.705682662619599110e-01 8.905907424127236238e-01 8.475826820879104329e-01 7.673488162848836058e-01 7.448203628657602549e-01
6.903023354251559551e-01 6.341010822161264882e-01 2.068353238884779177e-01 3.865609784995723830e-01 2.074102283315822082e-01 1.930881106357203447e-01
6.246520935965338417e-01 9.952828663720730829e-01 5.683107484246826546e-01 6.339817189708473189e-01 5.424589621913935567e-01 3.583156949013639458e-01
9.898113947601193674e-01 7.121424531464937147e-01 3.188534198655099683e-01 6.774351487607134237e-01 5.647390119088371296e-01 3.606225480217126744e-01
7.460996599276377150e-01 1.087109300127597766e-01 4.518471501943904789e-01 3.151643504141638519e-01 2.196534712775893849e-01 1.642350144759675834e-01
7.581499520026896421e-01 8.262193485549587102e-01 6.070103477385675461e-01 6.155792730683650182e-01 4.087438507202532101e-01 3.265187103821720616e-01
9.117667657588134356e-01 4.373669281336522996e-01 9.000925717225306544e-01 6.553406825592216212e-01 5.534159366730723173e-01 6.319200800394995099e-01
2.332491898684933007e-01 3.962409001452474877e-01 7.346321020403201452e-01 2.121776910655498449e-01 8.366213687506653118e-02 1.410243547791581453e-01
7.507604970632508756e-02 1.891520195864683229e-01 5.354297599774431315e-01 8.376766748106354021e-02 2.100495669701291784e-02 1.984426225402074681e-02
2.050165588352799162e-01 6.984404117509779297e-02 1.823556122706754268e-01 2.950759552087756782e-02 4.618581731958087966e-03 1.202648410908265485e-02
5.291408759102215198e-01 7.588925963707515709e-02 6.759916432814550014e-01 2.419993213194617798e-01 1.271872042397537705e-01 1.471939067151452896e-01
2.840107120797953355e-01 4.516955011211296611e-01 2.068669381817896946e-01 1.251230227375535464e-01 1.957276456324392316e-02 4.385090442948963441e-02
9.867431966660995535e-01 4.722209284121700046e-01 5.848509702001475352e-01 6.240449557849122586e-01 5.227387231661724254e-01 3.284743629746195159e-01
3.315267538299823125e-01 5.439462761511014710e-01 6.172259057653839420e-02 1.643815485597595050e-01 3.753734176621106172e-02 6.770122355613893139e-02
1.797021593717851307e-01 7.218521470832676146e-01 8.704566304386240905e-01 3.905330985466562987e-01 2.264352609754173573e-01 4.030034610509297122e-01
9.381182703162900260e-01 4.128469963375160923e-01 1.751788263914960675e-01 4.866419639246734041e-01 4.208299168842015159e-01 2.656359587088469865e-01
3.235421207693444101e-01 9.661105425923502965e-01 2.133107261462111603e-01 4.122904289662062127e-01 3.566512302333362250e-01 2.343967144584402917e-01
9.073541940614164858e-01 5.753773676109473767e-01 4.663768850811814692e-01 5.645266581238836956e-01 4.135025102889985371e-01 2.840666400861228125e-01
9.582091556146236089e-01 5.471268367305470726e-02 4.986372480147638342e-02 4.347777091279399486e-01 4.430509358004215414e-01 2.604914422736390733e-01
3.965510531456775123e-01 4.106097721714146997e-01 8.204997515289398358e-01 2.965530562027668959e-01 1.502232366589787427e-01 2.767002911530259679e-01
6.473021398008428351e-01 7.369966740280176065e-01 9.087710872213516922e-01 5.973406067528840291e-01 3.959135247191598039e-01 6.091654795281815638e-01
6.519480798829467849e-01 4.631617018368203720e-01 1.880154788360764995e-01 2.897532493242376272e-01 1.484449312193282522e-01 1.431481784011848224e-01
9.094602442421417798e-01 8.654152932554974864e-01 2.755040035034420631e-01 6.906162694531381430e-01 5.758229388672249094e-01 3.820243472337516710e-01
2.451798244226229828e-01 3.135303209207267461e-01 2.049014643984323758e-01 7.534605354336262883e-02 9.086465783852878605e-03 2.409890149765126985e-02
1.616770475275453034e-02 8.227919616917876988e-01 8.684612910193976187e-01 4.334383958446285656e-01 2.951537322210939229e-01 4.307472502444213425e-01
6.771915703878380599e-01 9.657989915165265948e-02 3.995362192220768272e-01 2.574628901356614263e-01 1.628081942596170395e-01 1.331760604777194879e-01
9.902133414467049199e-01 2.056165090676365104e-01 3.784773400258647502e-01 5.122077011554666548e-01 4.942565746051604259e-01 2.822003668656002384e-01
4.510857670467994796e-01 5.865298131907383805e-01 2.462477930045006147e-01 2.400803118359847999e-01 7.511257068608324927e-02 1.036685351685028705e-01
2.960075360578806603e-02 5.300323335861373275e-01 6.024501085527778077e-01 1.920113213805836883e-01 5.003435200369715091e-02 6.794614962314743378e-02
6.746180459782091798e-02 5.394415019276443957e-01 9.836537671036944541e-01 3.401312557504995726e-01 2.542847456544022888e-01 6.793126128203016423e-01
2.674776075844685908e-01 1.316147835458901794e-01 7.983118907982885704e-01 1.905758131100649677e-01 1.119187478271901487e-01 2.043757743849683450e-01
5.389879692240221454e-01 1.257616393399574317e-01 9.528790057413738523e-01 3.571175584673195735e-01 2.864469717859697839e-01 6.137161255818069927e-01
5.120060509889523548e-02 4.096426674646448385e-01 1.371686336332667011e-01 6.899201188859033218e-02 4.803881896110175943e-03 1.634806561695632821e-02
1.698494173892923786e-01 7.619631658515715333e-01 2.614375250696868713e-01 2.487979008256689939e-01 1.071177306561521825e-01 1.088027846853213271e-01
2.268737876809068243e-02 9.779536465010117974e-01 1.674569290548824085e-01 3.677300429012356209e-01 3.605769449347177580e-01 2.124155261790745541e-01
1.495786517650103953e-01 6.335755866325870622e-01 1.604925788174179635e-01 1.680936360719051947e-01 4.298183904726857879e-02 6.407483733054010477e-02
8.799238521205584584e-01 2.936417392894983269e-01 5.575126720029577321e-01 4.710265851387014924e-01 3.682935060931594728e-01 2.466756628112868888e-01
3.069589624211177536e-02 3.662653777067041982e-01 9.487891460466693072e-01 2.633575873337997142e-01 2.067121477287365283e-01 5.287493354446028970e-01
6.178747668303762319e-01 5.455872125489569235e-01 5.237883088489804218e-01 3.570838942950601003e-01 1.572155425903755677e-01 1.597954523054739839e-01
1.301452888945722197e-01 1.716408034474442568e-01 6.635833233491683636e-01 1.229512876325487281e-01 4.999291929724448275e-02 6.650356358427685077e-02
9.823582653239549822e-01 7.517747932058144178e-01 1.156796667424907499e-01 6.715738638543187200e-01 5.741818000695574353e-01 3.701688339144248441e-01
2.203118863048352249e-01 5.086808763035665093e-01 6.867588261809699501e-01 2.317555193417603354e-01 7.511508256298524144e-02 1.180392126012049514e-01
6.834073825507919198e-01 9.556392965392634942e-02 4.745823098594758038e-01 2.768484309494774753e-01 1.735108696361502834e-01 1.407866296185326938e-01
5.675604118653571062e-01 8.421288395373157654e-01 5.157708941777113809e-01 4.822628821213143513e-01 2.805154078790152439e-01 2.402572470056708043e-01
6.591776175401619087e-01 7.417131617724631587e-01 1.363113319438846727e-01 4.169081483663341081e-01 2.347603917712333121e-01 2.158622574624246560e-01
2.194664533617107782e-02 2.995431077967606326e-01 6.080174315380610928e-01 1.212662580683038921e-01 3.538847623339336224e-02 4.206593216234755933e-02
6.841339540576529821e-03 6.413309366467428996e-01 1.473529252659879774e-01 1.603397381360839591e-01 4.382797451129203520e-02 5.988200879336837146e-02
5.845867881404863686e-01 4.727447752404175807e-01 2.890048459059383346e-01 2.652115846549663036e-01 1.118736861339424266e-01 1.213307562532800615e-01
2.954620102925438196e-01 8.920752695528658682e-01 3.832257963252756472e-01 3.760865122921259740e-01 2.460177764662199729e-01 1.881136095806493769e-01
6.263165262305184777e-01 9.697509797857278846e-01 2.826664435164829570e-01 5.587080194204953054e-01 4.708422540298140002e-01 3.185946515243573418e-01
9.831066262016735502e-01 7.733469274687004846e-01 9.357961133620313898e-01 8.880457589792803974e-01 7.830206016800497215e-01 8.553786687540474443e-01
2.264576664042741161e-01 5.887595870028107248e-01 5.202891600055268295e-01 2.188238237126190200e-01 5.279973987286832454e-02 7.492923534629834792e-02
3.351694092994470520e-01 7.912945498712724568e-01 2.830689448796575025e-02 2.894375228628854324e-01 1.439445474776554490e-01 1.443054627385421396e-01
2.220219572943880060e-01 1.633321461099168648e-02 3.340581926915676680e-01 4.966799565451272824e-02 8.647024235431404957e-03 1.496962523701818489e-02
4.778245301250994004e-02 9.665729484435950924e-01 5.324860592637942203e-01 4.204683453152390227e-01 3.601845866829689879e-01 2.217431964709522252e-01
5.860952920757730444e-01 4.795279352434949072e-01 5.449358900326621846e-01 3.188153812253223252e-01 1.338038402773992497e-01 1.410359220268680713e-01
3.284176696360762149e-01 9.336284610814284957e-01 1.059649160987883310e-01 3.824231241204779641e-01 3.036496345436643929e-01 2.152783127571518129e-01
2.455426187519079706e-01 7.155189404801385322e-01 8.719395744472878684e-01 4.009132626450799264e-01 2.285520680760528556e-01 4.118854042691070250e-01
7.251009708615792082e-01 3.691066150435295956e-02 3.389228285933002516e-01 2.755890371334241973e-01 1.953069942835466422e-01 1.502309771179063669e-01
2.709483944430363112e-01 2.665907946507731774e-01 5.675060424959496030e-01 1.373951493833739379e-01 3.667630359871431461e-02 4.881510912375969929e-02
9.018529705262109397e-01 1.709332484608132585e-01 7.234608779680786750e-01 5.180768584542841948e-01 4.384194069077723688e-01 3.335331545744034121e-01
2.549855299309045087e-01 2.636913468664863203e-01 2.777409997537660935e-01 7.509498502948361298e-02 1.036060152616578335e-02 2.292988045435911601e-02
9.284775765800101777e-01 2.570723232217245746e-01 4.701438317593756855e-01 4.836673685375835752e-01 4.158284090196537885e-01 2.560558511845081875e-01
8.374570342264098244e-02 4.365630272831610981e-02 7.682257227355386853e-01 1.432070947121456828e-01 8.799518667276051698e-02 1.477836355052435657e-01
5.018416644650367520e-01 5.507627894658371215e-01 3.814516642359576659e-01 2.675584486004856655e-01 8.939350881629250234e-02 1.115387077583104986e-01
8.570270900278407211e-01 4.694777922267023840e-02 9.791668274477601797e-01 5.733702503512038140e-01 5.484523547556481304e-01 8.333923732452200861e-01
3.103916427994998228e-01 3.638854791621729534e-01 3.677429665078363330e-01 1.272966311862457067e-01 2.223435698733631713e-02 4.001779983109571975e-02
6.511105583266575403e-01 4.242379225898796902e-01 5.361216761716803836e-01 3.356524965138287797e-01 1.653441785176955059e-01 1.544265628752612696e-01
8.074204800148568895e-01 2.566774657855829256e-01 4.062335812187367612e-02 3.327372496574785843e-01 2.655254515144893634e-01 1.887689153759556648e-01
7.636243219909287783e-01 8.169520281266210437e-01 7.011461695106812053e-01 6.428038383122394173e-01 4.316938937986209979e-01 3.734039513637430474e-01
3.818179485484904934e-01 4.913567961013554086e-02 6.897022535826814460e-01 1.818537909404040753e-01 8.500663209914280372e-02 1.177159660292203397e-01
8.742360036106155974e-02 2.852259203371164675e-01 4.538091198259430747e-01 8.286943236902770404e-02 1.177607082393112084e-02 1.362815673199800279e-02
4.128788883702949608e-02 3.777597307802476045e-01 6.156866015188213748e-01 1.440457986689165359e-01 3.931550661705424804e-02 5.134559269800661324e-02
1.948488298206325631e-01 7.763075893463211585e-01 6.512527535112019317e-01 3.453278905676496202e-01 1.626065761540936017e-01 1.710462493210841151e-01
1.401166896587634492e-01 8.622679129946313470e-01 5.956767630253756440e-01 3.734855034800051432e-01 2.251184044562082320e-01 1.827394425306520243e-01
9.919253562628116416e-01 3.172370192841732495e-01 8.940592945275327441e-02 5.039331555348217639e-01 4.927929189636659491e-01 2.863513714939834309e-01
3.005575060151031153e-01 8.715479630326892213e-01 2.624981923779208248e-01 3.454742122295172413e-01 2.174579090894115108e-01 1.760933751554816240e-01
5.644805136799040390e-01 1.644997679003683544e-01 1.396860801273235309e-01 1.651011233475591644e-01 9.072137448239203650e-02 9.140302112903841980e-02
5.795079470947185341e-01 7.597099137182912187e-01 1.337680072361436823e-01 3.803957364143976116e-01 2.000388196611340708e-01 1.947730829489311422e-01
9.382629224610156138e-01 1.482628140245001447e-02 9.489383932869934757e-01 6.276643135559606401e-01 6.201239118290747809e-01 7.675447099672224605e-01
4.793300171050007830e-01 1.124165211597928371e-01 7.964748071860539014e-03 1.131508016630893843e-01 5.546659603291227009e-02 6.549725500770424425e-02
8.032762684427632305e-01 4.147473835357480265e-01 3.365026981049029642e-01 3.959503302372204825e-01 2.691876680686302037e-01 2.002575849153242216e-01
8.362383948825040658e-01 3.497609981471589968e-01 1.304804661038326818e-01 3.800041219791782110e-01 2.966654255533235918e-01 2.080811448097004690e-01
4.638320858215423392e-01 7.328959128301455461e-01 8.281681767731858823e-01 4.658968326953004668e-01 2.538834017432370360e-01 3.791679030584694798e-01
4.151448328848154068e-01 7.481363120719374260e-01 7.108482594370035823e-02 2.936736387486429956e-01 1.304570389313122747e-01 1.439151013661941203e-01
4.520562470837419244e-01 1.994469801622377192e-01 8.304447899957517754e-01 2.740333724862207276e-01 1.664004301562456989e-01 2.923725231581323358e-01
4.411471579351515793e-01 9.548943018005257022e-01 7.961186618862765574e-01 5.853170422441086318e-01 4.642238878281415571e-01 4.333541187010126472e-01
4.040968859335812846e-01 6.665007403121642193e-01 5.032420084744472222e-01 3.043619457793651506e-01 1.023652596070046134e-01 1.250300539090740681e-01
4.893730860668842331e-01 1.148086956207039488e-02 3.883594529599379008e-01 1.485743884124338388e-01 6.474656726003270857e-02 7.036800736045602245e-02
9.544109266280043080e-02 3.911311012870569703e-01 9.651836927369927821e-02 6.421830076125661924e-02 4.147498544384564667e-03 1.616351151154093654e-02
1.810912774627591038e-01 5.922743603125627532e-01 4.265523276825161636e-01 1.907387529275596794e-01 4.068743363753057896e-02 6.072286514958498416e-02
2.679047038286757054e-01 7.259473011587447289e-02 8.718705087610124638e-01 2.151091491534426747e-01 1.551791522558615410e-01 3.319499138846575548e-01
8.740588684479264625e-01 6.247198355061850394e-01 9.389494643823391717e-01 7.155141683409335096e-01 5.703166813227225074e-01 7.580101776585980167e-01
6.637918455573572629e-01 1.740057881131172879e-01 8.179628270641370325e-01 3.770327498160858659e-01 2.600653755983567406e-01 3.385843371488815867e-01
4.178408459023917887e-01 8.413140322447453245e-01 7.748298710154922775e-01 4.910073039647243620e-01 2.972965875787929591e-01 3.381210276473288201e-01
2.585509024420425961e-01 9.858786022192975729e-01 1.581594871519241829e-01 4.041755967814974482e-01 3.840746187733296013e-01 2.364297976644484378e-01
5.480519207045251306e-01 7.528140746464108135e-01 4.647367215405285856e-01 4.064457763866979878e-01 1.920510350731320370e-01 1.891674824120095355e-01
9.516591671664096364e-01 7.540508156736626111e-01 5.760680152423173217e-01 7.199688122550452762e-01 5.599665529278888831e-01 3.801209221109653758e-01
6.683407379144404858e-01 3.803307199367500502e-01 6.161302877089397390e-01 3.547869674158532494e-01 1.898279991190526261e-01 1.779896112217125015e-01
2.283312249148232720e-01 3.529942177038315476e-01 5.171426130933103327e-01 1.346766014609023510e-01 2.621138903686275751e-02 3.833555047843747315e-02
6.645601491980943631e-01 5.238891733479357216e-01 6.039729396523261240e-01 3.978924528110991954e-01 1.972034808799651151e-01 1.923330400935171769e-01
9.386193777534151961e-01 8.114377650102733153e-02 7.041417306916015750e-01 5.349483493052372696e-01 4.783277194538660404e-01 3.364741556870808337e-01
3.370525280093744636e-01 8.146939382996557510e-01 4.266331565722323305e-01 3.469501106149327496e-01 1.722126949569192378e-01 1.592135948466004702e-01
8.954492813299607112e-01 2.661187415341741413e-01 5.416999574573366782e-01 4.741148432514666333e-01 3.837898560734557263e-01 2.496490686262718139e-01
6.918277322790836736e-01 7.037957556697560513e-03 8.842875563283995044e-01 4.101781350597938913e-01 3.207121682431886001e-01 4.748586195032225010e-01
3.712939924782426848e-01 8.191448948243230666e-01 8.983056531953090840e-01 5.085131440902305178e-01 3.383178632025352628e-01 5.364850653617965204e-01
2.722972562934855567e-03 3.540775849581249135e-01 9.864227786452376412e-01 2.767792412082172859e-01 2.406350269361674232e-01 6.634011572891603814e-01
6.276486242381851266e-01 6.723868283324417883e-01 4.267783825672799569e-02 3.568282936196618405e-01 1.798833273203759020e-01 1.807346914219685741e-01
7.818409486113957474e-01 3.347740680208265429e-01 8.865507383812508690e-01 5.159587145526125518e-01 3.979111496650732382e-01 5.262419384349265039e-01
6.970210179580478282e-01 5.775528657675708111e-01 2.748593593465740170e-01 3.728313723508605015e-01 1.978594211708403494e-01 1.818423059243138296e-01
1.378470685638284454e-01 3.658738189578955025e-01 5.565575382460289378e-01 1.325227925964477804e-01 2.811948553100894824e-02 3.758195788476257487e-02
5.628416853933022601e-01 1.276037482732443884e-01 3.807623657515624149e-02 1.559034403932496315e-01 8.980452734622332289e-02 9.033501636952931402e-02
1.182562536016584787e-02 9.198012545590920075e-01 2.187867453451652899e-01 3.305871989144156808e-01 2.658128464223351028e-01 1.767142468673412736e-01
5.199589915971004617e-01 9.816392871295596123e-01 6.061998527962987326e-01 5.777786178091034452e-01 4.720082103445322197e-01 3.265466832196736169e-01
5.174864413539503882e-02 4.893146380308007748e-01 1.620604000637408948e-01 9.780005211252282282e-02 1.154407885146189160e-02 2.735925113836435232e-02
5.309955913348751722e-02 2.949377647511319811e-01 1.382105998857515727e-01 3.865787488391011356e-02 1.066382270046120932e-03 6.627028999661828228e-03
3.798214815134555167e-01 1.113814276305279405e-01 4.273066290037204062e-01 1.157852740916055223e-01 3.599517246753794475e-02 4.555386702435069990e-02
8.097466608880534711e-01 3.376610030860106582e-01 7.212462140756588092e-01 4.749617011008647749e-01 3.372776887011285085e-01 2.945629498212624653e-01
2.065777104172709100e-01 5.254986619848551754e-01 1.033849948175458167e-01 1.268471973880762327e-01 2.061242942003643774e-02 4.503804252511326572e-02
6.796120907261576916e-01 7.852582252427330323e-01 2.253741950371253022e-01 4.624976426622058878e-01 2.790096911728063289e-01 2.409965314349669929e-01
4.771504916247978345e-01 6.608995372511206057e-02 5.982445269606073701e-02 1.098762611031760816e-01 5.471000473603115227e-02 6.464904438865980152e-02
3.122313459709866734e-01 3.444530807917675075e-01 2.614315271421849829e-01 1.068687644992380725e-01 1.845819758638584177e-02 3.715529771709449869e-02
6.104742724535185960e-01 2.178929662681184931e-01 6.062829699341456546e-01 2.803785372164953604e-01 1.487890818626513845e-01 1.432859266879975280e-01
5.420835300744203389e-01 1.247328034698451660e-01 6.875653546780930991e-01 2.559578553801528100e-01 1.365023508492482218e-01 1.587240048988391994e-01
8.989269382226912075e-01 8.282804469398441505e-03 9.402665058940075093e-01 5.896578711264399697e-01 5.626093560674100269e-01 7.192922240925573307e-01
1.210461209181979969e-01 3.837593850749634328e-01 3.873857465758778762e-01 9.787093011101305473e-02 9.916746013299004847e-03 1.937865388178552570e-02
9.714896679796680701e-02 2.222621200545437103e-01 4.002937781007006590e-01 6.087993935352950525e-02 7.145064563325859500e-03 8.086535112799591446e-03
4.605172007549106494e-01 2.086793692074373485e-01 9.854127707872065711e-01 3.454594839295743181e-01 2.867597479687769568e-01 7.115432829212968713e-01
4.881895544431527068e-01 7.965779531357020105e-01 7.369905539358915236e-01 4.799311415619582633e-01 2.620864798800513484e-01 2.959499616173753012e-01
2.303070640732214347e-01 6.193951462564623034e-01 6.346250227447114423e-01 2.647599086220797648e-01 8.372215314942030306e-02 1.153020099749361288e-01
5.882390677086640762e-01 3.717656641823969821e-01 7.297729528789265174e-01 3.409524541230977146e-01 1.767784173611896548e-01 2.169383521953447136e-01
5.825894771540962580e-02 5.408434914469407717e-01 6.024900918850184528e-02 1.128298175569393963e-01 1.874603276116288200e-02 3.686458653351405018e-02
1.117070632412368036e-01 9.185360750598146051e-01 2.231182931333749453e-01 3.359806467306048483e-01 2.647419051041989824e-01 1.794963116428044958e-01
9.003313740012086619e-01 8.396468265499120731e-01 8.719539260362474398e-01 8.276476115210795736e-01 6.811982047842488619e-01 6.759583183080182245e-01
6.226688719997210963e-01 7.252317175506500790e-01 2.344450738065295692e-02 3.814600183549076706e-01 2.023994191747250093e-01 1.965456755263934874e-01
7.566763171636178287e-01 7.756176089904864845e-03 8.007971453419299168e-01 4.213082464335718424e-01 3.217186659630223988e-01 3.494360629333165824e-01
1.089424508093022048e-01 6.044754685272279993e-01 7.609374350926646491e-01 2.800217679185884045e-01 1.175822601489089347e-01 1.911613435415812079e-01
8.269880773334636892e-01 1.475145205831437378e-01 6.031956203686844598e-01 4.165892743241374485e-01 3.181799421991166055e-01 2.288904458128037112e-01
8.827731673367639198e-01 4.752412633580648249e-01 1.516143928681690234e-02 4.528347697351389756e-01 3.561986377129592873e-01 2.454175420276328845e-01
5.923361293664572980e-01 6.429541151222616380e-01 9.142382879562332976e-01 5.185856700898795468e-01 3.248289947436153180e-01 5.739475582634677719e-01
8.745782618137460940e-01 5.475487553594801104e-01 2.456054184179453648e-01 4.881192249120231974e-01 3.576176619699915071e-01 2.543835935652279390e-01
4.717627224007603370e-01 9.654840562834337003e-01 1.230491637605656274e-01 4.602735019076120149e-01 3.909081894325768247e-01 2.673735121344955612e-01
3.682212608564922052e-01 4.151838199891592085e-01 7.858217250237806706e-01 2.746226972125002108e-01 1.261265115246406887e-01 2.216948134646105073e-01
5.904251326884684126e-01 1.331283976726115315e-01 2.950330987430801466e-01 1.916367982596511865e-01 1.055736986636224145e-01 9.989044924192005959e-02
4.050958397958510648e-01 6.693219833433152743e-01 3.908366351025118757e-01 2.824644914262074979e-01 9.346936061539951046e-02 1.171249496217460911e-01
4.480595356907256521e-01 4.093453340464490164e-01 9.946021206961875860e-01 3.912067530120782455e-01 2.963269814132552527e-01 7.590246803399610664e-01
4.853226841484244991e-01 4.972440217903029147e-02 8.469010810473266426e-01 2.811740432775553522e-01 1.870960972598046390e-01 3.285084045472453362e-01
6.612739597979940820e-01 6.908185995455640160e-02 4.802292179954600337e-01 2.624370113160443552e-01 1.590103857189404390e-01 1.328166803882420421e-01
5.557261126917205640e-01 8.595934759317108709e-01 4.886095305957595114e-01 4.807736099507065042e-01 2.898507064310871240e-01 2.413941617444380627e-01
6.980133727751249850e-01 8.312068244642172310e-01 9.532141211649103330e-01 7.047807024015904087e-01 5.389854964883833421e-01 8.005127303128214411e-01
4.203798879889161233e-01 2.203213685893030682e-01 1.397870844512423272e-01 1.062757432962051496e-01 3.771606597986487674e-02 5.256194938262120225e-02
6.612924150936894119e-01 4.151952189507771562e-01 6.976609301804639340e-01 3.860929099612061544e-01 2.102521357907423949e-01 2.220673964476051754e-01
3.259797291644465078e-01 3.139507309184143002e-01 8.228336518334852245e-01 2.469813179532787395e-01 1.340947851135242674e-01 2.572673399241153236e-01
1.683180745656787103e-02 2.209468314974220027e-01 4.570814205911503114e-01 6.782428167893002346e-02 1.120497508300538451e-02 8.995239597088977579e-03
2.706168483291441218e-01 8.621382800104934185e-01 3.569829813267337837e-01 3.450561739842500364e-01 2.059562747485816081e-01 1.676642152464188074e-01
9.971428612941762859e-01 2.310903909583805760e-02 6.939820081149630226e-01 5.827487781272482348e-01 5.576816458900902829e-01 3.612734409376627265e-01
2.188899382667774951e-01 1.360696808311220307e-01 5.588766646805330973e-01 1.032446968906536588e-01 2.986451228661515106e-02 3.577266595399341415e-02
8.997745276843679418e-01 8.141284756657561905e-01 3.371785497557778788e-01 6.587598466366022532e-01 5.141778781430259571e-01 3.531542157888483136e-01
6.748211033448026086e-01 1.310838095824997662e-01 6.365854932555838896e-01 3.168379705323727813e-01 1.961171160915379519e-01 1.768835161250266741e-01
4.333789016277097561e-01 2.749391226063998550e-01 9.541897268973620339e-01 3.318268932514162328e-01 2.503501987966643139e-01 5.932474014524342643e-01
2.538529805842610898e-01 6.058548745434603200e-01 3.493951233938930034e-01 1.976859713822763931e-01 4.487578417094795213e-02 7.003705220951288168e-02
1.384659574434576879e-02 7.207614404279837350e-01 3.166642498285631158e-01 2.197594722851689830e-01 8.089756167084220795e-02 8.574137696051381541e-02
8.171853656929869425e-01 3.154420151905426017e-01 1.517819097530581640e-02 3.525707631765792605e-01 2.760683658680362917e-01 1.965543562044512194e-01
3.978401932142876518e-01 9.122759559797016804e-01 7.291216288766788622e-01 5.140549117734622975e-01 3.574320166031172974e-01 3.237451656746523354e-01
6.890811448614934109e-01 8.221165303846951211e-01 8.882563677458160667e-01 6.650564897808745046e-01 4.728128718205218406e-01 6.091128665062831571e-01
4.768133908794491838e-03 9.116394161845202682e-01 8.808149197529741015e-01 4.965683002841315141e-01 4.052326134608661978e-01 5.031197254527874918e-01
9.415738273038882777e-01 8.182251427676002775e-01 3.986242631095648914e-01 7.082477608835305860e-01 5.744791521899920150e-01 3.786484663030554865e-01
7.514423309572730858e-01 2.404373340049097418e-01 6.686071356660852061e-01 3.935681191249432720e-01 2.643190017833588756e-01 2.266864780271804769e-01
2.742571928667940639e-01 6.874664261417523514e-01 4.198986360242275007e-01 2.553863351919227753e-01 8.007695261531830311e-02 9.895558976348400870e-02
8.415931190347980539e-02 2.141070312305217715e-01 5.433874892477530416e-02 2.133441702895380945e-02 4.836379972936546458e-04 4.236557751252076343e-03
4.803977043889651188e-02 8.311004839942878197e-01 1.022228076264827257e-01 2.641839648105897553e-01 1.598288318788001205e-01 1.309305694046330737e-01
3.874180088129092203e-01 8.334151635373198141e-01 4.545925083101327591e-01 3.816130125665937456e-01 2.020181141861139562e-01 1.802018714781387088e-01
2.949980832730692004e-01 6.452933721771914044e-02 9.388539480528389491e-01 2.504885943336138676e-01 2.085573264637239632e-01 5.104144228273885808e-01
1.090108998700944909e-02 1.601417163168499247e-01 8.025708096411077186e-02 1.125179864465999414e-02 5.352994748546425444e-05 9.658953511454766629e-04
5.870877453932565881e-01 5.226334052840857503e-01 2.128706822690558109e-01 2.763200388869416768e-01 1.181273267126562582e-01 1.302345882095986007e-01
5.803268804997251396e-01 2.253643578706969741e-01 5.997022760548225140e-01 2.628241640494308751e-01 1.312229420629006382e-01 1.311198082173374857e-01
3.072248364060626846e-01 7.967285760344438028e-01 5.654306436190237317e-01 3.594353548200017734e-01 1.696740253322618353e-01 1.647209704668277930e-01
3.080251383205948601e-01 8.060968745650642919e-02 3.190378594305921522e-01 7.120673501761759505e-02 1.732733069155516920e-02 2.778100407729594892e-02
2.238024568567932304e-01 9.943300097418645844e-01 7.188284668113061882e-01 5.185425356318320578e-01 4.644456406817287220e-01 3.351414474457340975e-01
8.168175460471366334e-01 5.240065200198819051e-01 6.546012752664505108e-01 5.193491350441400423e-01 3.365882045431303204e-01 2.777101461279464223e-01
3.999769315471684017e-01 5.181481263607290444e-01 3.101013703743529248e-01 1.994391538560171540e-01 4.959845294173557961e-02 7.758145478324059152e-02
1.416660716809872156e-01 6.189087356133070594e-01 4.825218212035442544e-01 2.089083876865725775e-01 5.166524592783002662e-02 6.844342737240492747e-02
4.801792355564922232e-01 8.387231601129067071e-01 6.015287092647492173e-02 3.750389923570415229e-01 2.229648342468225075e-01 1.992986823505749350e-01
5.801505497067412920e-01 2.068949594474293052e-01 9.564679540707785588e-01 3.906453049527339738e-01 3.092125427215567934e-01 6.404523025874414577e-01
4.417870165036991148e-01 1.499248195379854209e-02 7.579356878682865784e-01 2.276179666995162554e-01 1.265161460264155879e-01 1.898110499236324578e-01
3.901991344277122575e-01 8.147465021219306713e-01 9.961129808226127924e-01 5.562880578873889981e-01 4.224522028437662224e-01 8.587163314369518075e-01
2.327775642811266144e-01 2.212214730399961748e-01 6.931981047764007586e-01 1.573450778295659991e-01 6.470460323725193974e-02 9.651311404868154198e-02
4.292331125016946025e-02 9.094732055650383007e-01 2.003858426303947171e-01 3.224424375291638500e-01 2.511205182087863363e-01 1.712831039880728379e-01
4.516141802298044849e-01 9.004706364098489235e-01 3.878588805769670467e-01 4.376301939253414153e-01 2.905939520800417952e-01 2.259650221603898557e-01
1.206056505333094053e-01 6.790915531671022354e-01 1.228974585587619961e-01 1.844332481937991930e-01 5.912474555419647282e-02 7.519852185280458123e-02
6.431084755460305669e-01 1.898405484848310065e-01 7.010531778941835324e-01 3.245766881133138049e-01 1.948632469085811447e-01 2.030638343965401882e-01
2.719244785300987122e-01 4.399206664787446153e-01 6.982495443244307598e-02 1.090501286616057663e-01 1.676940388618589073e-02 4.029609405303708619e-02
4.957441571744872766e-01 1.218547589760887728e-02 6.550285873563521655e-02 1.169841763650258243e-01 6.135876558503557121e-02 6.971543708306821019e-02
6.354666899777715594e-01 8.059067328147727638e-01 9.818017815019097760e-01 6.628589443223082966e-01 5.001401636691623631e-01 8.685090992918007569e-01
8.153369021599240485e-01 9.533255689886290796e-01 7.519918842576500673e-01 7.898346250922927414e-01 6.706924442968347222e-01 5.134358257214527432e-01
9.399312003396261828e-01 1.621631533493816946e-01 5.915757634931283482e-01 5.091520903669541909e-01 4.490589941917055850e-01 2.819761422035387821e-01
9.068091664774311500e-01 4.905635674069693808e-01 3.852317777015751288e-01 5.136505982729300257e-01 3.924984944701637168e-01 2.623699762872471197e-01
9.361617706513554182e-01 3.297749944188063109e-01 2.363094895543672580e-01 4.675667845453260751e-01 4.155216029191825533e-01 2.568687659281229108e-01
4.136395299661143055e-01 1.279037616159564017e-01 4.703397740920656211e-02 8.739451757694202683e-02 3.565497362000878689e-02 4.900983773336892169e-02
6.141336613894710084e-02 1.569785285591095425e-01 7.821490648544315860e-03 1.109156029203992033e-02 1.550469582347166106e-04 1.947736454445426427e-03
3.467261613510342899e-01 8.338394419286456749e-01 9.486668371012528800e-01 5.312941201619709730e-01 3.873230002936802752e-01 6.826013770034805583e-01
7.674402353495587414e-01 6.003893559930536528e-01 1.700455240684276559e-01 4.206247864273975345e-01 2.592561808066405349e-01 2.162010955123926659e-01
6.765422729539563029e-01 1.961337525340763888e-01 9.443848967980945641e-01 4.407266932842314744e-01 3.563360991595976857e-01 6.346391430349509477e-01
5.692544885768681118e-01 7.880820615555412800e-01 1.624477419349076301e-01 3.934136781492983959e-01 2.155366757935243960e-01 2.030106439973431154e-01
7.790930702004617014e-02 9.988329476729614909e-01 6.263217641229941179e-01 4.718220825848188915e-01 4.395054971960084544e-01 2.706719546631823348e-01
5.249642254342424819e-01 3.892918353295071743e-02 9.889292933601736557e-01 3.611928792986663916e-01 3.136803794500267473e-01 7.415381466565543755e-01
3.251356393052526883e-01 2.538965337022237589e-01 9.368443638713230825e-02 7.625440962919390053e-02 1.775316139716122399e-02 3.370221100038414686e-02
4.744127523240947442e-01 5.697293238349273592e-01 4.551048273954028112e-01 2.774781241622868433e-01 8.875421643232243862e-02 1.121125205687628634e-01
2.251184889084080210e-01 7.003091316033573932e-01 4.453146189628361951e-01 2.557234227730578180e-01 8.350625499043506927e-02 9.784794468506614884e-02
3.982857986961318986e-01 5.714994916717716089e-01 2.622460745978638652e-02 1.982221842468712136e-01 5.637751317921817912e-02 8.735801421458155858e-02
3.089242620945826800e-01 4.284003818825886656e-01 2.631006069495188671e-01 1.305870008996629361e-01 2.186623672838456517e-02 4.514916438530268417e-02
8.627241164185845967e-01 9.276910710495478440e-02 8.267757993683739759e-01 5.155043085743734599e-01 4.410131705965231741e-01 4.378182842339928826e-01
2.716053500516374397e-01 3.212922584860863351e-01 6.806198593491297189e-02 7.483769548182285514e-02 1.147459341410971868e-02 2.845277922754282929e-02
6.447689291770755116e-01 4.156640094997853252e-01 4.687044373483777449e-01 3.130834197445751532e-01 1.521349011427293174e-01 1.417450819366255499e-01
1.219476449904522974e-01 5.747965336102134337e-02 4.036139060329675399e-01 4.667853876245279393e-02 7.595490779393684888e-03 7.327419439543538665e-03
2.303915025776270831e-02 4.618345508413386202e-01 6.489232650526677304e-02 8.172420656408813100e-02 8.474962946487859389e-03 2.250487393699531630e-02
8.457362146139615344e-01 6.455189339812121840e-01 4.962510442427411350e-01 5.526716782580827214e-01 3.650574525183566954e-01 2.745327794898989038e-01
4.772078071229227669e-01 3.350262325795816398e-02 1.091033521775189863e-01 1.106406443906946674e-01 5.476168237214912998e-02 6.460874829524440588e-02
4.847832112973270435e-01 3.791391304041135113e-01 7.749920392470832642e-01 3.067292718622315340e-01 1.513600705917216849e-01 2.326847753836340793e-01
4.333227235867764815e-02 6.681356243979995613e-01 6.878654048682827371e-01 2.809119993592482101e-01 1.100512861434952139e-01 1.433407757027501395e-01
1.452616666324568762e-01 8.246484302342326211e-01 7.991051405622620063e-01 4.171464494502394316e-01 2.578569708989508213e-01 3.179108538842992937e-01
3.911943543162449410e-01 3.533259904649145300e-01 9.004822814475855752e-01 3.105121380346372306e-01 1.979204797487090495e-01 4.315162927914210078e-01
2.836455711827807757e-01 6.514291148129880415e-01 6.528063728324837722e-01 2.985707416589588603e-01 1.044800389362241372e-01 1.404418270451410211e-01
3.857747682747147966e-01 2.718324911537366440e-01 4.193417033082804668e-01 1.395455042828086800e-01 3.729555413659535468e-02 5.063065355433664372e-02
7.272217668493863307e-01 7.762427175333194151e-01 4.908584499237949039e-01 5.336197473264457924e-01 3.218313297361177217e-01 2.660813964189617242e-01
8.868409789913058727e-01 1.757364342169428495e-01 9.424441222395785189e-02 3.847023901200596896e-01 3.513308510490743553e-01 2.243335690318018494e-01
1.016577566074635675e-01 1.006363706972347449e-01 5.270129717448323037e-01 7.419582416278334980e-02 1.995664636590226831e-02 1.835703745207913420e-02
6.801984586593728954e-01 2.538488352759257216e-01 2.860985763481551647e-01 2.618410130832131699e-01 1.605928736007265212e-01 1.353458696949169648e-01
4.166957065969556506e-02 7.210561597696024672e-01 3.719229504881871318e-02 1.973264058585212088e-01 7.856164423914409334e-02 8.556875343016349944e-02
6.237756004056210779e-01 6.808151659679886336e-01 9.603412130866347818e-01 5.759117954951421536e-01 3.953123357181707598e-01 7.382804910510903929e-01
8.928457577677607615e-01 2.180131984882544005e-01 4.603688671853909398e-01 4.439110955872713205e-01 3.699351345604435237e-01 2.352356911931221817e-01
4.429012305490958035e-01 9.213079112230496692e-01 5.864696083237240787e-01 4.939138332401943332e-01 3.409526305479811947e-01 2.619660192098289264e-01
2.640643055658248306e-01 7.648015092251656544e-01 3.551427821513515326e-01 2.833405640644566237e-01 1.186935796226402384e-01 1.227219924743398749e-01
2.047482165997009940e-01 3.260429705455866189e-01 4.990139819447164671e-01 1.186095901367769656e-01 2.142000745708969381e-02 3.070770607632717850e-02
2.546335070519041288e-01 6.968699287661803687e-01 2.709133833140096037e-01 2.311311612683207006e-01 7.587985989199769188e-02 9.547199791663518731e-02
6.046963336818822476e-01 4.662891299400826473e-01 6.184078192214056413e-01 3.446950611912945051e-01 1.570534891868891336e-01 1.663972298700972519e-01
1.915064590169096581e-01 2.447007155325210404e-01 2.221331631453815625e-02 4.000819828459093591e-02 3.890406465774122295e-03 1.372857147586813327e-02
9.376064366128110672e-01 7.907850460105217971e-01 4.079708001861869215e-01 6.898496519626117207e-01 5.466374950408433575e-01 3.648658325080833542e-01
6.136512584432314288e-01 5.491053938457283179e-01 3.882362101756573480e-01 3.269289019331079182e-01 1.422002732161938010e-01 1.468211281838728566e-01
5.624146267052315684e-01 3.248710670044502313e-01 3.280236812614667485e-01 2.143898342667268087e-01 9.395915416953150301e-02 9.839161055081170615e-02
3.468654475921317815e-01 5.727881260527243334e-01 7.738988309145022892e-01 3.217875212226730119e-01 1.361737352937987255e-01 2.291309287107346770e-01
5.783214263509540709e-01 5.582566596889130262e-01 3.610068914267255957e-01 3.060787495314359896e-01 1.235250198594054771e-01 1.359265881775982843e-01
1.204538718004827258e-01 2.648120679804384370e-01 9.091294841689261386e-01 2.282211488110224562e-01 1.734108746623441721e-01 4.087403306660034041e-01
1.375198920545197545e-01 6.216645255385868651e-01 9.387453611063972803e-01 3.625683237373417689e-01 2.342541676732055045e-01 5.452169141054434842e-01
7.765099165793792890e-01 7.752022501169538726e-01 3.920002106747624282e-01 5.473855492427482927e-01 3.545092508417036492e-01 2.793332527542686239e-01
3.324796205339833888e-01 3.252736295892093565e-01 8.928624713602100194e-01 2.800655947976410376e-01 1.799970410499790729e-01 3.984682610678452752e-01
8.127056381992625589e-03 4.399769702649848346e-01 3.078834153193882317e-01 9.542909838841259762e-02 8.904938678047544590e-03 1.995094668511503133e-02
8.775714445895588245e-01 4.905651606968480793e-01 3.707650239420823279e-02 4.543702639148057831e-01 3.517904992325203706e-01 2.452530754870944074e-01
9.064555563167852048e-01 8.179415018490302502e-01 1.498024053552976520e-01 6.452805840404948201e-01 5.226885199990668474e-01 3.572719503391478812e-01
2.946573190445701540e-01 2.706192266268840907e-01 9.099204900409424424e-01 2.638412635961702724e-01 1.860734540422530614e-01 4.316316939404571396e-01
4.424666389809217559e-01 3.559673460809491541e-01 8.183415415919667035e-01 2.980837824540933934e-01 1.588474829863316951e-01 2.787612979333865537e-01
7.269269501203017292e-01 4.728702082487361569e-01 5.994683935748238435e-01 4.183574200882386185e-01 2.354804746812226568e-01 2.068037030755685846e-01
8.394387251682940976e-01 6.078176948695347415e-01 3.948589726863591665e-01 5.085290006091630621e-01 3.374201449839922540e-01 2.535358050167494381e-01
4.087122654089283547e-01 8.928776477234984243e-01 5.017560994735885682e-01 4.389787580727586014e-01 2.789640822891217287e-01 2.202406748171372997e-01
6.138136376229812452e-01 6.163186687341442038e-01 6.290724068958385429e-01 4.143592666810362868e-01 1.917176569215943704e-01 2.039536712764991877e-01
2.561704657172556576e-01 9.950775760036928430e-01 3.423872681467223789e-01 4.322206363532095086e-01 4.049739658081292770e-01 2.433576746701335836e-01
9.809046877790303931e-01 8.408726612033818881e-01 9.289312179813241643e-01 9.241163899875770582e-01 8.321313196658441935e-01 8.635348516355700887e-01
2.085241051840049931e-01 7.971894953626806890e-01 4.149583789965387570e-01 3.009128178442863066e-01 1.417401576159648402e-01 1.309253950094743102e-01
6.064857709425941490e-01 2.211751700323025815e-01 6.637987132736450357e-01 2.958602599592419780e-01 1.614390565327110949e-01 1.674649700546596287e-01
8.912896359591988560e-01 8.215212253665753472e-01 6.450023479010770222e-01 7.274552265754210545e-01 5.508849060596201497e-01 4.022319463111592719e-01
6.949981249143093454e-01 4.922498777730082153e-01 1.678053541163971873e-01 3.258934825024756843e-01 1.808959088552786476e-01 1.641020795621405404e-01
8.027267658439508624e-01 3.261082198579572378e-01 5.843021111611158558e-01 4.245659029559901154e-01 2.913145673375932554e-01 2.188788423863802235e-01
6.471263552733833579e-01 8.243787647146969544e-01 5.734225885145616264e-02 4.547261550511530470e-01 2.898623178716355775e-01 2.459322324420051276e-01
7.086989565609139730e-01 1.086824374565359408e-01 9.973264656956631891e-01 4.759210959923700912e-01 4.283645015174500914e-01 8.406355484436304204e-01
4.204685347102351534e-01 7.790499873781076001e-01 3.888899697536757349e-01 3.480600672209497315e-01 1.588013886964315391e-01 1.599031532039316139e-01
6.917184485760451418e-01 6.186283719698417727e-01 6.855489553492201127e-01 4.809160716998326368e-01 2.587874558117955193e-01 2.630723590414406066e-01
1.860360427790108684e-01 5.039899225015588291e-01 9.204985716709275234e-01 3.119904608937402180e-01 1.971152963257254420e-01 4.702783053268691504e-01
6.706074581961025682e-01 6.022993998735723942e-01 5.312932213805954262e-02 3.496593632494002235e-01 1.838052321565402658e-01 1.771533415591881599e-01
8.898263139459772209e-01 8.768452400106973021e-01 2.728048938954724667e-01 6.811189738075067446e-01 5.650188879326454305e-01 3.778906451166945679e-01
9.012673993017158436e-01 4.736470993846312316e-01 3.484998590957133491e-02 4.680583770469984306e-01 3.782690578642590729e-01 2.545327251273533098e-01
5.894161104639240589e-01 5.274659903337908240e-01 3.083373695182786145e-01 2.912613339328246065e-01 1.218432226434426335e-01 1.324620681440904224e-01
3.700441986506307623e-01 5.705607274858135458e-01 2.685935699103169094e-01 2.044343359435043250e-01 5.118719814355262437e-02 8.126060425970692280e-02
8.060720301531707488e-01 5.578357727828490153e-01 5.684122687463699641e-01 5.000744499927572972e-01 3.117959454876135794e-01 2.476255361144702460e-01
7.307119437018898545e-01 4.721183176464385234e-01 5.222963628227671462e-01 4.002759944571168682e-01 2.246630706421395840e-01 1.897392610185504314e-01
3.645704309206068139e-01 7.661510904748983775e-01 6.121053967630082360e-01 3.725352257713904214e-01 1.660968075480872552e-01 1.770600528536218909e-01
2.913927110690496258e-01 3.453361814121781448e-01 8.536572103443166304e-01 2.569042233154235078e-01 1.481517805441116553e-01 3.078750762386007755e-01
4.749689627528719260e-02 9.696724523071066359e-01 1.070505886157435693e-02 3.558794330875765799e-01 3.454252792064200217e-01 2.075473315777470740e-01
7.531038592214053251e-01 5.038487847391491803e-01 3.801250221633835080e-01 3.973755493869554622e-01 2.334363651537184337e-01 1.920533047707068397e-01
3.414682345812314335e-01 7.069948624945778803e-01 2.932348397854012134e-01 2.638784690584338177e-01 9.307305733760445898e-02 1.137221726448747194e-01
6.283104207768466232e-01 5.773769937003041530e-01 6.683051652254662356e-01 4.173161266987898688e-01 2.009862327815193916e-01 2.188474627247833371e-01
3.409539903833257446e-01 2.504393248906324754e-01 8.081888018465485102e-01 2.325332496142939742e-01 1.277785626247592843e-01 2.341595163967034321e-01
7.748551536571174347e-01 6.587367692606661551e-01 2.029425124630381827e-01 4.566334455578412999e-01 2.846769588930042061e-01 2.352330498075059506e-01
2.658822282876521781e-01 9.777546844037049434e-01 9.775532321963623650e-01 6.194322835133637684e-01 5.994057491141105976e-01 8.510391514345385655e-01
2.027892342782947610e-01 7.262493501742763868e-01 1.846460254650783561e-01 2.264540058170573245e-01 8.588577046718738617e-02 9.862121366643658571e-02
8.276285126210529697e-01 8.389700297846012234e-01 7.791039270250706972e-01 7.318124519512951842e-01 5.457073888083868729e-01 4.869222201596577482e-01
6.637048638714341253e-01 4.312650024476647470e-01 8.342893256908490152e-02 2.795888405617999450e-01 1.532521947095355497e-01 1.431599130229649075e-01
5.762841483193443803e-01 5.805038318964328425e-01 9.064001985519063442e-01 4.775427064563754209e-01 2.928860611195206465e-01 5.318522564211207726e-01
8.875415156078007017e-01 4.634640626533305108e-01 4.601533634319446842e-01 5.025255172236707812e-01 3.719801022157561143e-01 2.527780823982739289e-01
4.511151920795941628e-01 6.174218678090710455e-01 2.192791795965384205e-01 2.511658705079807818e-01 8.296004707092410890e-02 1.112197208379362701e-01
6.678691389552281477e-01 7.376945071752212257e-01 9.856580779087712463e-01 6.448372057384155198e-01 4.756855270661354274e-01 8.679247856915174308e-01
4.114049939101660502e-02 8.553459805205576583e-01 6.642843308604668984e-01 3.809235482215035384e-01 2.335108688069596483e-01 2.034286593571981994e-01
5.597959854600331742e-01 3.523029334150368230e-01 5.347085891785675615e-01 2.620648360185963144e-01 1.111101061304538701e-01 1.153917417916590638e-01
7.649224471847433371e-01 5.453209119187316656e-01 2.615932500119655391e-01 4.043174280901565831e-01 2.459908711338044673e-01 2.030041914853598084e-01
2.310713126653091143e-01 5.708217450612723676e-01 2.168124068899551782e-01 1.592172767086219576e-01 3.118488018918534610e-02 5.742857324866908197e-02
8.519529406624636314e-01 2.712413987688634398e-01 1.622861304319951348e-01 3.763139893284514481e-01 3.121655572529019596e-01 2.104348278197371025e-01
6.852325093146681700e-01 7.098461590460527493e-01 9.374301015092171285e-01 6.188354194322189805e-01 4.290785793224992650e-01 6.956291985991945870e-01
3.324953913923923698e-01 4.279919267532980021e-01 7.882052806336029560e-01 2.677750239081799211e-01 1.214811897926572903e-01 2.192057456860149467e-01
6.610687682138078891e-01 5.505939108156294726e-01 8.855120590463726460e-01 5.054314124501496641e-01 3.206849882481381253e-01 5.037597981674989400e-01
8.317161914131498968e-01 1.305181099329888461e-02 8.649550460444009881e-01 5.027717559165240102e-01 4.306657896162647270e-01 4.931982334343066321e-01
4.279401132446450928e-01 3.012545612467530942e-01 7.305153982799783563e-01 2.464719816612807590e-01 1.121718170057679903e-01 1.659306341682161290e-01
2.698033893601483602e-01 4.899277651127822431e-01 2.418970352681597547e-01 1.387031673364580442e-01 2.212408710297396677e-02 4.747822464081819654e-02
9.784799776690842332e-01 4.570009103700001241e-01 9.175256055502043484e-01 7.289176667899546214e-01 6.582456214604537337e-01 7.163668167918553209e-01
5.862502668918292414e-01 6.491460937075280713e-01 1.923242020672447650e-01 3.298302086988156301e-01 1.482483681204310177e-01 1.596063121463738022e-01
5.614725167843876985e-01 8.931882226364538102e-01 8.643984648353941758e-01 6.259270461188080059e-01 4.587294019706637527e-01 5.469591220395056963e-01
8.454480251801823609e-01 3.427871009530231161e-01 7.466071038042566554e-01 5.129285466606382515e-01 3.844640804627508790e-01 3.347314497440966874e-01
9.244768746014199179e-01 5.664534335356253836e-01 1.005222264335272619e-01 5.265640555623353203e-01 4.214075128277931515e-01 2.836870923481897289e-01
2.462655799121463707e-01 2.300172274006229145e-02 9.740007804469041908e-02 3.104155757997530823e-02 7.543776948407682550e-03 1.720692499116094343e-02
9.932339009166081256e-01 3.294904934650489947e-01 7.678551016117065586e-01 6.453092621300829945e-01 5.825247823675624437e-01 4.333141206067399054e-01
3.996824989065117517e-01 1.552727910351850982e-01 2.887834390448579258e-01 1.041103888347455902e-01 3.394015987352475699e-02 4.657577852991864886e-02
4.635883357069151556e-01 6.178163539659570214e-01 7.212808624943750635e-01 3.680812069755560190e-01 1.545842030513416565e-01 2.143364873130053361e-01
3.175326250208910794e-01 2.693678958421231728e-01 7.104260114387014324e-01 1.939593189477888946e-01 8.083211760378898603e-02 1.242093963275997248e-01
7.954275061184223894e-01 4.788872088936098059e-01 8.379347379423084385e-01 5.505400322816892400e-01 3.877168152556004777e-01 4.498790394880666788e-01
4.601827860049686469e-01 3.539179530877566426e-01 3.003719205594704844e-01 1.684233500216644197e-01 5.336188661797146987e-02 7.065301801863939357e-02
5.522746175849144734e-01 6.687198292333882410e-01 4.064019788385997423e-02 3.129852588617194620e-01 1.387024460798063075e-01 1.543839574620991806e-01
5.465196691468254819e-02 7.457360547742338808e-01 6.097502187809878960e-01 2.989299153122523811e-01 1.278029632767252177e-01 1.314087794692575251e-01
9.606941602418095361e-01 5.907988788037408234e-01 9.223777439467947259e-01 7.676545192745151125e-01 6.577561934163055346e-01 7.453247875045674320e-01
2.444810912751180787e-01 4.720341116785452540e-01 4.468919230417799371e-01 1.593646367455731350e-01 2.684272430383999319e-02 4.647233832377872798e-02
3.073205634164387634e-01 5.543871793340472420e-01 9.553667905310656572e-01 3.757645864288527426e-01 2.454733428686324548e-01 6.046853846664951293e-01
6.092395108890847899e-01 1.772782314532039827e-02 8.206644490662581282e-01 3.340152856396997882e-01 2.280866067087526372e-01 3.219341787506437846e-01
6.527571746808404907e-01 6.969184887731797451e-01 1.226519411997800679e-01 3.877848880241203111e-01 2.063532608168266169e-01 1.976863293066485616e-01
2.631393161411713644e-01 8.851633446204654199e-01 5.322537583495902114e-01 3.951100857263624144e-01 2.482994154963254485e-01 1.931533023652264869e-01
7.264789778122296982e-01 6.386649365208363349e-01 1.684532581513303873e-01 4.095304501107681072e-01 2.360921568383125835e-01 2.088463606382446602e-01
5.817526466133947638e-01 4.970346576982327402e-01 7.384028244737149693e-01 3.814270428265711943e-01 1.862230313481522681e-01 2.388192483718767078e-01
1.065615103811989872e-02 5.679729056930583608e-01 2.579592363961218382e-01 1.374699106612624344e-01 2.492770882655356499e-02 4.182109191605318244e-02
5.226795458257621485e-01 5.022820489730850380e-01 7.418836380945940112e-01 3.538486495339479010e-01 1.610628991686966771e-01 2.244937943819947657e-01
9.123361836580436979e-01 5.685776440199322712e-01 1.400952171259233214e-01 5.192012657993573255e-01 4.064518828427733377e-01 2.778316421210090814e-01
1.709252947129085154e-01 3.708697344040605692e-01 5.884502004186548119e-01 1.473408862744977899e-01 3.553250931526742706e-02 4.930850830344638697e-02
9.754289128794600972e-01 4.122645784658673929e-02 3.566108535918041111e-01 4.793987237012600211e-01 4.714389607858642250e-01 2.713739455654136101e-01
9.275858169719797264e-02 7.178875212707442888e-01 9.588158601150252869e-01 4.153242299456226805e-01 2.900213788664018910e-01 6.374135909925786603e-01
9.015396525661951710e-01 1.011262987195792329e-01 1.492916022059704861e-01 3.924679914693339211e-01 3.691285943336961028e-01 2.308007050234437696e-01
9.409465192052790528e-02 1.703821970469830971e-01 9.760063572599028126e-01 2.397788965419480334e-01 2.289591634742731141e-01 6.166428349625763250e-01
3.713149965864365187e-01 5.405212552270654003e-01 3.961651859597462577e-01 2.122842899806423322e-01 5.057079544891572576e-02 7.768996939427447179e-02
4.523363966768811917e-01 1.676336076533091468e-01 6.463627055624023843e-01 2.056350949911925907e-01 9.060951855404042465e-02 1.108239393714847976e-01
2.825924583360345244e-01 8.989825742964888677e-01 9.702233279745158256e-01 5.646060199654646672e-01 4.710260327081743359e-01 7.790641865067713390e-01
1.054135057672475062e-01 5.612545339397285726e-01 3.353655269590258836e-01 1.506258033969795351e-01 2.621168062200338045e-02 4.428285558278612782e-02
2.343151200734786554e-01 5.495623089513046455e-01 1.180010302015942480e-01 1.431397702144238671e-01 2.672236522298572850e-02 5.324250547345454887e-02
8.046475500059177000e-01 3.643744631910926790e-01 3.814814635864985926e-01 3.897973445104011558e-01 2.702743981104110405e-01 1.968274788771954831e-01
8.249474366875380049e-01 6.791857501323089741e-01 2.902496382199354352e-01 5.149092752457260502e-01 3.427268820073597344e-01 2.645706605517200161e-01
2.639043120236087558e-01 7.370143086753311312e-02 1.041163451385235250e-01 3.745506444606624269e-02 9.286189285090298839e-03 1.984797222288062213e-02
2.812976740161021727e-02 2.153662143718100275e-01 5.110063844299680413e-01 7.945641696761494843e-02 1.736691936470282152e-02 1.511861909417519870e-02
5.738443275931001120e-01 5.209921553326634092e-01 1.463064343964898262e-01 2.627837834225350000e-01 1.107389393896356516e-01 1.255099936981209086e-01
2.905289013627418981e-01 7.878300627085924601e-01 9.010659811800270091e-01 4.654852413763364005e-01 3.006047148318106710e-01 5.144805016105001849e-01
1.157380415225047754e-01 5.835560123209937444e-01 8.373574742021077100e-01 3.001688945024967858e-01 1.518334571943898703e-01 2.933616604412710993e-01
2.557363315707052998e-01 1.007542464899567891e-01 5.065527047131165306e-01 9.519048165890606206e-02 2.500510677053797287e-02 3.076547534032906747e-02
7.379998195588879373e-01 6.975676624891596900e-01 8.490694758042467427e-01 6.105093385381601401e-01 3.998172518736518022e-01 4.972395822493595463e-01
6.489610359603573686e-01 5.243283433296844764e-01 8.362356801144648077e-01 4.672887248124960036e-01 2.767273782931991000e-01 3.946856075938621200e-01
9.763358922654330474e-01 6.888668568970357509e-01 5.651203676264486830e-01 7.039728661945481303e-01 5.568461794269936593e-01 3.676842335587167110e-01
7.359681838659339892e-01 2.537022617522023404e-01 5.578617053192127528e-01 3.531536580114325585e-01 2.255563623067180223e-01 1.787296389561820464e-01
3.091055505516745461e-01 8.869948391528961196e-01 7.796434833280663224e-02 3.433655091739054588e-01 2.360725428159169137e-01 1.854703879015696388e-01
3.274736344433840651e-01 2.185098285711368771e-01 4.225789173371429230e-01 1.107093584814321519e-01 2.591468003618528637e-02 3.682622418389617375e-02
5.143751984373795549e-01 8.370458016980040217e-01 6.221310031068514323e-01 4.804434348051721537e-01 2.717960742395409413e-01 2.492633684794869631e-01
5.212174381190420869e-01 6.268112816665150078e-02 2.393216709042854662e-01 1.431244439682799463e-01 7.213265255465886594e-02 7.725262679450027592e-02
3.440643051946317144e-01 6.243243667151502363e-01 4.370272317610062185e-01 2.479524363735630399e-01 6.790916583761270886e-02 9.374606364756651877e-02
3.932941825029084848e-01 6.869061700952749927e-01 6.005822340543689464e-01 3.360588111332938333e-01 1.250039754187717844e-01 1.507098517581569597e-01
6.908467947564818079e-01 6.282368204405318624e-01 5.494843796901824895e-01 4.452383190788811729e-01 2.284211166560097539e-01 2.111755524087387259e-01
6.231778992144491047e-01 8.145578425883460705e-01 4.510297290620531863e-01 4.815029293737929095e-01 2.767604026767553904e-01 2.387826281051214083e-01
7.074002264740335555e-01 5.023049143227319435e-01 1.687233181889485900e-01 3.379431635324969818e-01 1.913516930200181432e-01 1.707292087072799780e-01
5.974305823202420429e-01 3.461731345386939163e-01 9.853144307954433412e-01 4.425183479269015896e-01 3.467085072179875715e-01 7.595950519119050171e-01
4.869749545802684043e-01 6.637147652721414604e-01 7.104179809678623503e-02 2.792614918728189011e-01 1.100500956508590061e-01 1.336211661549386309e-01
3.372815856228491560e-01 8.004465387600547821e-01 4.557343082498669373e-01 3.443956811875268920e-01 1.625633878123072529e-01 1.550086230601823434e-01
3.664684130983391075e-01 3.935397689021049583e-01 1.128381402839923053e-01 1.247843944112862896e-01 2.862815155207045284e-02 5.192928142624599758e-02
6.972695840117991706e-01 8.344596599705100815e-02 1.003392618320335661e-01 2.343158245189520816e-01 1.707427307366640723e-01 1.380478317179920089e-01
6.649077114438570746e-01 2.844657185827885737e-01 8.339224516731186254e-01 4.030582869732124984e-01 2.705531985012504803e-01 3.691432978965986100e-01
4.527821793215353052e-01 8.121775824736354732e-02 4.302000716910516775e-01 1.428304223970546516e-01 5.537111416527897012e-02 6.277235871234486397e-02
8.970473976572849173e-01 8.210620359310401017e-01 4.616012034981572532e-01 6.841649455451290773e-01 5.252706451549051803e-01 3.607379623419399994e-01
5.101163050665632470e-01 4.690601455982409407e-01 3.506753516792671110e-01 2.347543468831649882e-01 7.980170886806597919e-02 9.855457142578936958e-02
1.897011056449248168e-01 5.554962700306413925e-01 9.727560027530384179e-01 3.565631181054487175e-01 2.502003178794220961e-01 6.499692367532317050e-01
8.846199912651570019e-01 1.255348248564293057e-01 2.477388772488802182e-01 3.895191902423706387e-01 3.495721391672592104e-01 2.225982594556357719e-01
5.446872035323919725e-01 6.605942650757359313e-01 2.252548858083072147e-01 3.165603603657385356e-01 1.327070821100571896e-01 1.496717334105397701e-01
3.673156581930749898e-01 4.053218873242531162e-01 5.371218276154254845e-02 1.263068180956893882e-01 2.936610449976108025e-02 5.338404287279965160e-02
8.585852007403711461e-01 2.843015942789600681e-01 6.693965242237676083e-01 4.838650660969515127e-01 3.700332232700659918e-01 2.781307146889303583e-01
1.621193880702029855e-01 2.537253346766593642e-01 8.051553989672084466e-01 1.895704087294115547e-01 1.083874265037869933e-01 2.043720892462743410e-01
2.727555746366148171e-01 8.896299874999831214e-01 7.761910339630107014e-01 4.758038070324938085e-01 3.261078573865215380e-01 3.359685457409203879e-01
2.840539946899559576e-01 7.275078193013283512e-01 2.271611018439935181e-01 2.499336348431113741e-01 9.431343228461945560e-02 1.103660552601068295e-01
5.691252102031149063e-01 8.351685511760417180e-01 1.536327163620948566e-01 4.215275723070600056e-01 2.566651567025151626e-01 2.240879828084500480e-01
3.530459866064298291e-01 2.208870349101665909e-03 7.747691180262079591e-01 2.003513469525494417e-01 1.128854219826642274e-01 1.887424625880318729e-01
6.789652016317868632e-01 4.982150473927804413e-04 4.669665954644405259e-01 2.688571092942601548e-01 1.695932879206592803e-01 1.381223417060852554e-01
4.676363821417670597e-01 7.528831337997599071e-01 6.689916586669292231e-01 4.225722517894233143e-01 1.993865069094615805e-01 2.224534185742916836e-01
2.246512666941568037e-01 6.255532313847633752e-01 6.438140449321213543e-01 2.692094799820171636e-01 8.755979342965861112e-02 1.203700280029274261e-01
6.160821836061103340e-01 9.580826481589925780e-01 7.598103311546692273e-01 6.615275429567408771e-01 5.268952959286489213e-01 4.436976924154742985e-01
7.279742876009291930e-01 7.539704382199381438e-01 2.202368353962487202e-01 4.758937794219889605e-01 2.930279137886958041e-01 2.476765888935837101e-01
8.794187812882184874e-01 3.357750292299236383e-01 7.481190744945082072e-01 5.393030888298924186e-01 4.230898200244457286e-01 3.523035066749151123e-01
8.758979959541597360e-01 2.749683301885367248e-01 4.348155140875398228e-02 3.908312026444717424e-01 3.390351102184002152e-01 2.223474763451791236e-01
4.585311419019284518e-01 7.029201298939304898e-01 8.011451572240028129e-01 4.369672470406836817e-01 2.214081329367302842e-01 3.259655616451027638e-01
3.117957932945535360e-01 5.724148808655157294e-01 5.297762086574185902e-01 2.356768610222425009e-01 5.985649263271059645e-02 8.581894360245911901e-02
6.834517884299562418e-02 4.623778542226487653e-01 9.440266054569534937e-02 8.497507160680672911e-02 8.695007983233056861e-03 2.375876946158650763e-02
2.657431112059563949e-01 1.735521476800505614e-02 7.431218991799565243e-01 1.636545191086110906e-01 8.623640621133636663e-02 1.394630611748613469e-01
4.563191227473899492e-01 3.464360571881647255e-01 6.628307252442957598e-01 2.471092973213648014e-01 9.846153393055114000e-02 1.286435012433267688e-01
9.569852931817812713e-02 7.369623383823870055e-01 4.118564085795297647e-01 2.492544408026620972e-01 9.526259136831317920e-02 9.689063320962629233e-02
2.107223655011558616e-02 3.865510976682883237e-01 9.368970103881379963e-03 5.661117493824936731e-02 3.481640584877689071e-03 1.323351091374634116e-02
3.172801106938798466e-01 9.209085129304380724e-01 8.424315632716988800e-01 5.348486189526433510e-01 4.097371798838312928e-01 4.592799853443303992e-01
7.449371587943336426e-01 8.313765010787382836e-01 5.428645414526001023e-02 5.232383531894030382e-01 3.681887743954682102e-01 2.878214138136225286e-01
8.483142596637830435e-01 6.181165974440417932e-01 5.035321434549124842e-01 5.433827288646250198e-01 3.599635949384868416e-01 2.692905683025035857e-01
4.927176296354555118e-01 9.825769195192133321e-01 7.939644338148434954e-01 6.274620383678862767e-01 5.292660496234247169e-01 4.617914656639513504e-01
5.772196995999411273e-01 5.430128277393129199e-01 1.268685931225712604e-01 2.722049075202497836e-01 1.159341114318695604e-01 1.308517969140464698e-01
1.675506102863667524e-01 5.110223267765146016e-01 3.016209718420858055e-01 1.332326341703266859e-01 1.849242523651913744e-02 3.878195647034753113e-02
6.202108420762441066e-01 9.733581430379799615e-01 4.845551150118800887e-01 5.942915098056649192e-01 4.860062937408133332e-01 3.275712975719667908e-01
3.769723259077333299e-01 9.758736886045161762e-01 2.826119966562978814e-01 4.452031483575171200e-01 3.851406150456685995e-01 2.515753613210518491e-01
4.235977884432344798e-01 5.699318578224861209e-01 4.506091636750166884e-01 2.550819935249911685e-01 7.288319092863969340e-02 9.884846909356613531e-02
2.407669549558809630e-01 6.106377648417976589e-01 4.596988160253597799e-01 2.178754331258922483e-01 5.247702545420254716e-02 7.480802177279505250e-02
7.571964269386397550e-01 2.187643146634929980e-01 2.130714890148096563e-01 2.991893784988020055e-01 2.193442339174709599e-01 1.650824901915478871e-01
1.274061857356307836e-01 2.470561521848517739e-01 5.018799916573138953e-01 9.008875262338818246e-02 1.738724687375266947e-02 1.935979837273437559e-02
2.840146018982945275e-01 5.106309087866844898e-02 9.195403454859343295e-01 2.384372053713556538e-01 1.915585490701424420e-01 4.516339337831804523e-01
9.793803737571626922e-02 4.719485494188385699e-01 6.832366357230633680e-01 1.986568561112894982e-01 6.477454583988148662e-02 9.871646460061157813e-02
6.169671567221135522e-02 3.020519797186402844e-01 9.299856530649387443e-01 2.401842310936546654e-01 1.894726564505866129e-01 4.661176872375155655e-01
7.138633769629858516e-01 1.522277000644688405e-01 7.137442201918905438e-01 3.692415482013642891e-01 2.485739205086413550e-01 2.391157741465340936e-01
7.290373079890010155e-01 1.268506870534569231e-02 5.939735005406560076e-01 3.339478918569125376e-01 2.264690376565150765e-01 1.819113554478758166e-01
3.807987179660768939e-01 4.594428929380134363e-01 6.668897691629044333e-01 2.529272654265544151e-01 8.585783701201162021e-02 1.255271151509292360e-01
4.491232598941441445e-01 1.338867015864062537e-01 3.127990058807637030e-01 1.249776195503331244e-01 4.804910349019115429e-02 5.842813219298684246e-02
2.584182339663376737e-02 3.194307740083944802e-01 6.510819304265782481e-01 1.387862392684184321e-01 4.659485657117295315e-02 6.160727498081295522e-02
2.840258375015267678e-01 5.417312369411980688e-01 8.949760340989842966e-01 3.376803886954480860e-01 1.918774506466847940e-01 4.233968779235952606e-01
3.304520005766944379e-01 9.506470394380267530e-01 1.643128681500269916e-01 3.988744391874022854e-01 3.311485886340373441e-01 2.259560490224627738e-01
3.020793110479635946e-02 9.678700954097593234e-01 6.115795267436018312e-01 4.421085032072865073e-01 3.774124937247115286e-01 2.431227106657300741e-01
3.764463240967769186e-01 1.099405869548568671e-01 1.433681520193503811e-01 7.624793087723737151e-02 2.697743592513117752e-02 4.050687761158440481e-02
8.386731640531590593e-01 9.897202508658392572e-01 9.351242326205200239e-02 7.034255403510921711e-01 6.796635887560287248e-01 4.195328801358655935e-01
9.227480727993228049e-01 2.715636500445876012e-01 3.485402832470926304e-01 4.580771868933130597e-01 3.999692446395733403e-01 2.473495360183387837e-01
7.582945129719120825e-02 1.974743861455438010e-01 6.386651839447561319e-01 1.136199420708500496e-01 4.223283280396348399e-02 5.150585410737666681e-02
6.333483198556879579e-01 3.266045786012355956e-01 2.727553733550469595e-02 2.296223676717800144e-01 1.294351076655826938e-01 1.216940978751820390e-01
6.237755465748929806e-01 7.178344613190545953e-02 2.882734604889666263e-01 2.050632572175498103e-01 1.239634767137985788e-01 1.108651164134216438e-01
7.543389394393287262e-01 4.882748540740019516e-01 7.123213533003438513e-01 4.780078193816000298e-01 2.921640317281276045e-01 2.804743577980827185e-01
6.595641408338750455e-01 2.594098804882540854e-01 6.490143830151386961e-01 3.299119398090947231e-01 1.896390399680469574e-01 1.803643878113408427e-01
4.617159920353919311e-02 9.962271006605259993e-01 5.107277940364530755e-01 4.370064177027656038e-01 4.125048034500344296e-01 2.375664623980676127e-01
7.341604381607261809e-01 5.423992168268755298e-01 3.552528879504008863e-01 3.949925177266372933e-01 2.221941720115477858e-01 1.905328152236623607e-01
5.710226590280362835e-01 1.623828915609748513e-02 4.533243937573072646e-02 1.543769128929084744e-01 9.376396058378964893e-02 9.249582158422821332e-02
9.102302949018420408e-01 4.509932361675197399e-01 3.434848790418110198e-01 4.953498620157517629e-01 3.907949547730041329e-01 2.570059544666082330e-01
7.115234306194705427e-01 4.360506701200068669e-01 5.492108754329706466e-01 3.816646494517103028e-01 2.106601522711888663e-01 1.818887519416362841e-01
4.962098028231043401e-01 7.266262882588448990e-01 5.554018285486628237e-02 3.160855290077118074e-01 1.431345264658107908e-01 1.569091208265816217e-01
5.236899912259618262e-03 9.165784642149670258e-01 8.144226017537176121e-01 4.734347997634156813e-01 3.713955802611016432e-01 3.816973270306248112e-01
8.062509492870477690e-01 8.394608034555145482e-01 8.706010265998777031e-01 7.512459060738334582e-01 5.765189251756839273e-01 6.274340509420849310e-01
1.005763625468129030e-01 6.618440455379144272e-01 2.956692495704549284e-01 1.906713812432900279e-01 5.359764216933692732e-02 6.913447113360580987e-02
7.409351733338883639e-01 3.459978495801567799e-01 7.307340626185081511e-01 4.300327657019448191e-01 2.786285964287639749e-01 2.731004455765145278e-01
7.123095332136044622e-01 8.650829364889844886e-02 2.039637550127936239e-01 2.519478924127077635e-01 1.824401785203410564e-01 1.441269910502017693e-01
8.809452269033202221e-01 3.811457691444023466e-01 7.953086538313849374e-01 5.700203080010699530e-01 4.482610204662386133e-01 4.121691881234462729e-01
2.857805965128034087e-01 3.205452585862256232e-01 1.852646631545462608e-02 7.737188778725519189e-02 1.311693487912437943e-02 3.064161967401614339e-02
6.222844914018996754e-01 7.850214663497934175e-02 1.394807820338717086e-02 1.850159592458904267e-01 1.213506915373163131e-01 1.099569357884086079e-01
9.441062449631911768e-01 5.853530612562259927e-01 9.412462775113117353e-02 5.517844099556183934e-01 4.514784510206788504e-01 2.983594468125903565e-01
5.422746805470002318e-01 4.195407632900511885e-01 6.657469632201274967e-01 3.096368797619904467e-01 1.350015647724900902e-01 1.619196687853038941e-01
4.518802213730821471e-02 8.849528782396862692e-01 8.066319656389683290e-01 4.499085860433352235e-01 3.252990638517023192e-01 3.532003106052306607e-01
4.143249775310691163e-01 8.133298219318674249e-02 9.876597561051142504e-01 3.135093172655670224e-01 2.754098163454164472e-01 7.070743284240648130e-01
9.936325286457725614e-01 3.757658279875161211e-01 5.949106462731172940e-01 6.024162009430932274e-01 5.285815901031207797e-01 3.235465111420514073e-01
2.153775536128997858e-01 6.408436041125632476e-01 4.185892663807885272e-01 2.181619130931496120e-01 5.630474582072639983e-02 7.669864254657902947e-02
2.476527705965273496e-01 4.068981239769382530e-01 9.762788903468400115e-02 9.364831145697796733e-02 1.216534984276377261e-02 3.268678365620224929e-02
5.334786354495452132e-01 5.406283427313474110e-01 4.668423382205867389e-01 2.959165865356647718e-01 1.070236822603145843e-01 1.239320617671844649e-01
8.687752572154817665e-01 6.530968025664051213e-01 2.060282883466895143e-01 5.269494857418486333e-01 3.785344196298420227e-01 2.773756492205023405e-01
5.721371118750825380e-01 3.810359466161138409e-01 4.040189048704345698e-01 2.476721984836079693e-01 1.042576662948617727e-01 1.084950458119084277e-01
9.582902503050693133e-01 5.529301352814854909e-01 6.928432451433197414e-01 6.617022729898842659e-01 5.220036216508403548e-01 3.773054542862799288e-01
9.695611385967621842e-01 1.965924458344758818e-04 6.742699681009411972e-02 4.444558322532946026e-01 4.589881938735903555e-01 2.666621323535077193e-01
9.156631905956625905e-01 9.796389122432853647e-01 6.069733455384792586e-01 8.444611085474597045e-01 7.842793359635920059e-01 4.866541181894320500e-01
1.335685751147288602e-01 3.962684293311847794e-01 2.618240991925517847e-01 8.383262066101759835e-02 6.319747972754421843e-03 1.941038541461824821e-02
8.586467669315202000e-01 7.371661614963999076e-01 4.314913415798673491e-01 5.966963359997772276e-01 4.152232188846282090e-01 3.046253124068524776e-01
9.312727329760592809e-01 9.678636227622272603e-02 1.300792099972827298e-01 4.165813024481040960e-01 4.068012456560072820e-01 2.462259013318544576e-01
1.414434642866458924e-01 5.001769920750089859e-01 2.334329595879303110e-02 1.039635034934120739e-01 1.403696172904434630e-02 3.407210754002250319e-02
9.473493570119925211e-01 9.079398882114005920e-01 7.206692486417036747e-01 8.568353229710677921e-01 7.446421783277338280e-01 5.237863569244169959e-01
4.923369093529894602e-02 4.197261780992631586e-01 9.233073199957364530e-03 6.763731964726620027e-02 5.308068575204805649e-03 1.746787162522989503e-02
2.832583613248838006e-01 2.525608932794268791e-01 1.052362710195291484e-01 6.452417657180026245e-02 1.188996320757603267e-02 2.641711661542091999e-02
3.303232274032041893e-02 6.410603348226472376e-01 7.393926194569625521e-01 2.845094821576215072e-01 1.188911753752585759e-01 1.759733910784282429e-01
8.672891882736770697e-01 3.533144701143414723e-01 7.298348739802451579e-02 4.031368345180804114e-01 3.307459137714782171e-01 2.233816052265019392e-01
2.767851085401711320e-01 2.973792309481658735e-01 7.030627717327935233e-01 1.860728649852864680e-01 7.313532455391590081e-02 1.133475344753834546e-01
7.522650205257896960e-02 5.395357665226215849e-01 3.140618124030116753e-01 1.357699988934077118e-01 2.108285131380063446e-02 3.792776507118284651e-02
5.243528350514652381e-01 5.320835072577091429e-01 1.286128364502329147e-01 2.404084359628822498e-01 8.985122395932645945e-02 1.121820151644615099e-01
7.570478478246169818e-01 3.977164180520309511e-01 4.012302036134673955e-03 3.300075420845317575e-01 2.225036666296015542e-01 1.768528860301640249e-01
8.164587511673493392e-02 1.490040582146776593e-01 5.510539526943354360e-01 8.313391149806141633e-02 2.352127657946651365e-02 2.249878537907271103e-02
4.170038718382502729e-01 4.203852952415614297e-01 7.486327176228300129e-01 2.808721326236126581e-01 1.208950039692670148e-01 1.910300135801943078e-01
5.955009717915320522e-01 4.099136501235198793e-01 6.365560486464159062e-01 3.262221842102113745e-01 1.523495005828718885e-01 1.634069341394875086e-01
5.886534103841247756e-01 5.739984082486964123e-01 7.974726878011915154e-01 4.377353753626037070e-01 2.296578511779160670e-01 3.236208516020418480e-01
4.553576279168991547e-02 7.530283379342912475e-01 9.850151469757542078e-01 4.437578861417419418e-01 3.346304526509596422e-01 7.452419555561452524e-01
8.277987724643265377e-02 9.085481416033086566e-01 5.188745719738609985e-01 3.781940152344996364e-01 2.679392610467229985e-01 1.859776538100995358e-01
7.541534650090664371e-03 3.537817197529791180e-02 9.010185294569318382e-01 1.919540953252435178e-01 1.659497137305323000e-01 3.794749804737901355e-01
3.461116556456089732e-03 6.034216826693560298e-01 1.833635474014241318e-01 1.453266578409736498e-01 3.251504705399466816e-02 4.989164829461980449e-02
1.357985347840778845e-01 6.618868371859939481e-01 9.573105361989590056e-01 3.901282560490367257e-01 2.639104393888762057e-01 6.168783307326525245e-01
6.969327366257123124e-01 4.208245269056591908e-01 6.158828385864908439e-01 3.853679681251876432e-01 2.120123627897151919e-01 1.933969163592218765e-01
1.900761371323622662e-02 5.610783351227707216e-01 4.713733424722842402e-01 1.713564380675350607e-01 3.483588611117247047e-02 4.796581924485210369e-02
9.442168475551411255e-01 7.946284936921167441e-01 4.992331088354307056e-02 6.593523227801180164e-01 5.515623147302463058e-01 3.667689944276343872e-01
5.362675757163630763e-01 9.205144892550229940e-01 8.077004302144711323e-01 6.092201539310534431e-01 4.510906374322182222e-01 4.554892690948227352e-01
2.534049894348266996e-01 6.417073674685883633e-01 7.462114061892890504e-01 3.169842124042186460e-01 1.301027015185932945e-01 2.006221136435194508e-01
7.322470920900030489e-01 5.839765503448491879e-01 3.095478522589785175e-01 4.041744430452339221e-01 2.273901664817709334e-01 1.979174832619869928e-01
5.717657721892980272e-01 3.548908072186052198e-01 5.124806485787375410e-01 2.636544373017264964e-01 1.137654339567634731e-01 1.157265891163468258e-01
6.117258885594522022e-01 3.106280985721353582e-01 6.615697027527336349e-01 3.161244487253753177e-01 1.646747192700281914e-01 1.724101079629530298e-01
7.300723608290565769e-01 1.853884104215218764e-01 9.793877545623598246e-01 4.905742497886451670e-01 4.277133980641326660e-01 7.785051595097712829e-01
1.786838197171032316e-01 9.375247134561980333e-01 7.495078101599524922e-01 4.791931013718646604e-01 3.741252269803722053e-01 3.217811186838807069e-01
7.695548513948341496e-01 4.160045298459678076e-01 8.230005097760850763e-01 5.043592158016654281e-01 3.500389205440279650e-01 4.046998882964572553e-01
2.313223469972740531e-01 2.619346340330113154e-01 6.218169291182650271e-01 1.423121454978251710e-01 4.437371918428734130e-02 6.025195153454761254e-02
3.514916828714691466e-01 6.264116618277706383e-01 7.365582333886470101e-01 3.342744174682845126e-01 1.348332670557856050e-01 2.040647443204097466e-01
1.104735104789330569e-01 3.282751389351268312e-01 7.940362958923204983e-01 1.951083267340016358e-01 1.023075216355010530e-01 1.892333306921728797e-01
8.902744878787177685e-01 9.247223249359961539e-01 3.004011979386633779e-02 6.967029990884080481e-01 6.277457629260217997e-01 4.042787393678544117e-01
7.538000514977999389e-01 5.357259516439017988e-01 7.196480102942124368e-01 4.984330781570810442e-01 3.010062046148913595e-01 2.945847280997602180e-01
2.383490924396528543e-01 5.830204642938442428e-01 1.377682546236910222e-01 1.595299365769497213e-01 3.404769534305192302e-02 6.109316620021162242e-02
6.488274225127800277e-01 8.566800802679114257e-01 9.375040527498292864e-01 6.827539239297847340e-01 5.179449035382002187e-01 7.435885568970147519e-01
6.804645575467614949e-01 4.557341372184231520e-01 1.394466263468594480e-01 3.013482423734621385e-01 1.666824231694717662e-01 1.528327895437830986e-01
9.557241002671417185e-01 5.712639544095052813e-01 5.041966595473791335e-01 6.139081033454075742e-01 4.803931498795129262e-01 3.130626432401745762e-01
6.417055449796161826e-01 6.190273762089063547e-01 3.838617916167700317e-01 3.735628582287395805e-01 1.751556623403786594e-01 1.729102113587601686e-01
9.554968913415563536e-01 2.812770942490472326e-02 8.917725258092669138e-01 6.184580524012155411e-01 5.985395007190044137e-01 6.156641635438498961e-01
9.871210569116399824e-01 7.004710766853710080e-01 7.519271672188571065e-01 7.780662887486243795e-01 6.328038650802774168e-01 4.825801611127827906e-01
5.152198742601099557e-02 1.757216742025449197e-01 3.657952261307281239e-01 4.445872892033334717e-02 4.644466173016591377e-03 3.683282502622042907e-03
7.049570592010990788e-01 6.006088299693530530e-01 9.757165523885905634e-01 5.950279817305458296e-01 4.361212163631144612e-01 8.020578415628182301e-01
6.054329068669329628e-01 9.855549740758469124e-01 5.343382980989193065e-01 6.067260869900302778e-01 5.068794497991507830e-01 3.377263982616032778e-01
7.468616483445021936e-01 5.643460481918481930e-01 5.755363272945515085e-01 4.613839497723717376e-01 2.604816621062817639e-01 2.247936313490348226e-01
8.072562846553177351e-01 4.103339417824737323e-01 3.542518234356770712e-01 4.004909709096814985e-01 2.735661513625353702e-01 2.019364767439389696e-01
5.885832802034804967e-01 4.554710582864244239e-01 7.646486965096525035e-01 3.795625378506085612e-01 1.966564864147523906e-01 2.614640141036544407e-01
1.346914979293446502e-01 6.931103321867020384e-01 2.126202512666097721e-02 1.899325692406610422e-01 6.567314805097498875e-02 8.070903691646208467e-02
4.394272699168433327e-02 1.563233124628965465e-01 7.242264979626892307e-01 1.338253642783835129e-01 6.934929310676843373e-02 1.037433251102996973e-01
7.877901646404531499e-01 1.879062986133235302e-01 9.690803377469897617e-01 5.275136354786298387e-01 4.683676612151678742e-01 7.649209939055819918e-01
3.675402882217402301e-01 4.197696546399902751e-01 2.391953848882689693e-01 1.436952198123144786e-01 3.107756338772518778e-02 5.523788842698593160e-02
4.345221450583424128e-01 5.119459143756742714e-01 3.043196486862912442e-01 2.097876878198088602e-01 5.764155518096476111e-02 8.457156334990259539e-02
2.222979678274988879e-01 6.366018126568360191e-01 3.008929767473887962e-01 1.975757243144844466e-01 4.971700352340067963e-02 7.309112304163614682e-02
4.711557425636855312e-01 8.879332941802583479e-01 8.254007797766966803e-01 5.628658293439368077e-01 3.919025316599925590e-01 4.460948180509974326e-01
8.549704962800924735e-01 7.083242505097420150e-02 8.835458817028443157e-01 5.307663376363978003e-01 4.681673953350309336e-01 5.448197540483301626e-01
2.607798914486503250e-02 1.064566916209569447e-01 6.466289876440297624e-01 1.032044512695381444e-01 4.403561858567718590e-02 5.230871732164466686e-02
6.702378447309729204e-01 8.693779474034654120e-01 6.438838782826539209e-02 4.980477930073118342e-01 3.517049775768990583e-01 2.765460223283635610e-01
7.646502735588666111e-01 2.545000807334132364e-01 3.696662792662231967e-01 3.324416297314303215e-01 2.302756691969707614e-01 1.714085571379188599e-01
7.702406395500525083e-01 6.986364662953120641e-01 2.953669557381105593e-01 4.845675918762375467e-01 2.990870930989322773e-01 2.461475868542031820e-01
3.402932667652032173e-01 1.400242130674503871e-01 2.804393852463958892e-01 8.056336802010580223e-02 2.142315862793483378e-02 3.381665657895127630e-02
8.611224057629178752e-01 5.525375088338269070e-02 6.581541322167532293e-01 4.530568291969354067e-01 3.688074217240780994e-01 2.680263728928146127e-01
3.414298306995049437e-01 9.848143134764831830e-01 5.651865211087655494e-01 4.962712864435746551e-01 4.189285454201158165e-01 2.729362392433684059e-01
9.476676439697405696e-01 9.796811302644607977e-01 9.531801419904055717e-01 1.000000000000000000e+00 1.000000000000000000e+00 1.000000000000000000e+00
4.096952904024439013e-01 3.878507000723532272e-01 5.454799316313478919e-01 2.060999307093056565e-01 6.045824452339083194e-02 7.953600010454692226e-02
2.110371407327402693e-01 2.667958485654438050e-01 2.400304137860631570e-03 4.786576710839293702e-02 5.277694984409870768e-03 1.694325435862611279e-02
3.489566064410378754e-01 3.121900797371972569e-01 1.041155437043010945e-01 9.676621641447273603e-02 2.262287584220275261e-02 4.144830873436262941e-02
5.457460065182302422e-01 3.665355996306620678e-01 4.222121992782058575e-01 2.332119089077127616e-01 9.252116335330377861e-02 9.967976248797739969e-02
3.823221459841584791e-01 9.080278274854620690e-01 3.048568465562686569e-01 4.019727664429856850e-01 2.790062222584704932e-01 2.119350681244075163e-01
8.854543394839229364e-01 6.814115240237222926e-01 9.836237994170413668e-01 7.731664991841349366e-01 6.444816594576960878e-01 9.364860091111213425e-01
9.114115015886776749e-01 6.678132469112770808e-01 3.230033737075158617e-01 5.846776417976710105e-01 4.375049776411514268e-01 3.040278201571396388e-01
7.436086186511907670e-01 5.729728898762816991e-01 2.986453984907007086e-01 4.057158435084484704e-01 2.339456590860657659e-01 2.000463352095724345e-01
4.084928823722201452e-01 3.170736329520386088e-01 2.561132080648303999e-01 1.321082463927051587e-01 3.670055608279607084e-02 5.476891068911824562e-02
6.844025360786157863e-01 3.041098044012379154e-01 1.119460652591692806e-01 2.587806385037491608e-01 1.625254466670990605e-01 1.392560940479605491e-01
4.927108293218529500e-01 8.859663770414850648e-01 6.558190749749401860e-01 5.121109630766683685e-01 3.267234993221357908e-01 2.831038585168916821e-01
1.972960112581575443e-01 4.588559622110194303e-01 3.811152397603692066e-01 1.320597553341566477e-01 1.737444601821666948e-02 3.513965112413190012e-02
8.436128767401434025e-01 4.567402621232014015e-01 2.427004492900277643e-01 4.282787073792629906e-01 3.112247834800495050e-01 2.236494082588398324e-01
2.006046930649473259e-01 5.157648108513465113e-01 9.987047335052687824e-01 3.545745856215412051e-01 2.692582179549644628e-01 7.462281859446983079e-01
4.950162914284722548e-01 1.957009182701996419e-02 1.387476431953615919e-02 1.157660684481799235e-01 6.108429154400504824e-02 6.951210662407947272e-02
7.132610613790779652e-03 8.680224045134886657e-01 8.334858847410255844e-01 4.481576659222210046e-01 3.200415344003298967e-01 3.861956921825518418e-01
1.378136333381179135e-01 9.223823789564740139e-01 3.806848952408974363e-01 3.641615550428830006e-01 2.755837531143865982e-01 1.856337183468773355e-01
3.432350569419797548e-01 2.678963271049936701e-01 5.441258125291268399e-01 1.524695991389531935e-01 4.299092025716168275e-02 5.618767703002811725e-02
1.895835161120392742e-01 2.183408244262355913e-01 5.407783584788332654e-01 1.039070794992898172e-01 2.516499895407791829e-02 3.029417000696045179e-02
6.920775669409344744e-01 1.667646584961006706e-01 6.630159863444876622e-01 3.400740196610081978e-01 2.156383788283904590e-01 1.971628501496190122e-01
9.768088861746251350e-01 5.806674775302179681e-01 2.925680664931457065e-01 5.974489139732612752e-01 4.977929185866509232e-01 3.155391821146719122e-01
7.696902926893959274e-01 7.666521975363623786e-01 9.772456271662096627e-01 7.264190831840763307e-01 5.659665316556136139e-01 8.880031991356373000e-01
9.059331509834999130e-01 9.165381394286450378e-01 2.626645835112163541e-01 7.203407111390502937e-01 6.361824404321168025e-01 4.077676605189097248e-01
3.587116838545229003e-01 8.987635134236865442e-01 6.558943527048421984e-02 3.665015779360161763e-01 2.595073643638600158e-01 2.012552540091344655e-01
3.447693301230176921e-01 2.489906660549277007e-01 8.671083153813938793e-01 2.567724870629123357e-01 1.633654731408969718e-01 3.386546772418604356e-01
8.543794391647726583e-01 3.466345208104256725e-01 2.751025742797545970e-01 4.074811127329296401e-01 3.175260762564843797e-01 2.168269751595319761e-01
9.843981084426315364e-01 7.938420587442762688e-02 2.174224251324170520e-01 4.705836117496008386e-01 4.809421584195746613e-01 2.750742914854027998e-01
4.622504109726224275e-01 9.508773549889066867e-01 1.917326653097567446e-01 4.506196358279408454e-01 3.632523574306533720e-01 2.557558544421088542e-01
1.762265772126252461e-01 3.933889287536984636e-01 4.946741275121446790e-01 1.307493737029996883e-01 2.162865997145980643e-02 3.301627591009952123e-02
7.159962121350189612e-01 9.962480132846652792e-01 7.082932648558382116e-01 7.346100316914085937e-01 6.435795765742586827e-01 4.593551530017060958e-01
1.259640244789107522e-01 4.563989685270495311e-01 1.506920169344660998e-01 9.143652136233992866e-02 9.114150893475501600e-03 2.608345542967439173e-02
7.264545909832923476e-01 3.549457277832916979e-01 7.325741819921480769e-01 4.230122157242210412e-01 2.678498065696588992e-01 2.694628136161785759e-01
2.276486759861798825e-01 3.064233009952854747e-02 9.093469310489441515e-01 2.198082924767700286e-01 1.781118720492633201e-01 4.156926599340372563e-01
6.262456769804739531e-01 9.654233934710934051e-01 6.409925718420230734e-01 6.335591447678337040e-01 5.040582413503119641e-01 3.646384864448419250e-01
4.032619976607739742e-01 8.073269107721957605e-01 4.565038407464407921e-01 3.717812332684048982e-01 1.821274498708590484e-01 1.719607862557306632e-01
5.150828529919453391e-01 4.748651011107973829e-01 1.417770738476927805e-01 2.149630231304464900e-01 7.864751524174924679e-02 9.956619718864632984e-02
2.071140729332421326e-01 4.273753180673200980e-01 8.339838077582650833e-02 9.079158350121535603e-02 1.023013730417337772e-02 2.988305251589799122e-02
9.880966719857928737e-01 4.832188374129389175e-01 6.186529593819578565e-02 5.495073083222451471e-01 4.964309047107313688e-01 3.025608088347954694e-01
5.919712592761292580e-01 2.145533555932803704e-01 1.882682810283607955e-01 1.910124712015568438e-01 1.049649920587019669e-01 1.016787969836602246e-01
3.111232227831520758e-01 9.174159247666806571e-01 3.927812982379306206e-01 3.996178220418540872e-01 2.829725907029490561e-01 2.052889624056219997e-01
4.977654067746588584e-01 2.466286549072815859e-01 6.583371183340120947e-01 2.420252977107521242e-01 1.097723401521094738e-01 1.314241718548933846e-01
7.311651952330574522e-01 3.231756832551287983e-01 9.132230241717075314e-01 4.882365966396499113e-01 3.733872062265006231e-01 5.706600318596876109e-01
6.565423740327480662e-02 7.557114463263130411e-01 2.342391262285347109e-01 2.304646503904094756e-01 1.001986403529359082e-01 9.928185504860115307e-02
9.002255070691423944e-01 2.516722949159121425e-01 6.256336275065549346e-01 4.984438572555530134e-01 4.063710981986958237e-01 2.760316337163833400e-01
4.803319997601408486e-01 2.182356784277583728e-01 4.893061617942023878e-01 1.832544057781217428e-01 7.044054970604347876e-02 7.753908876712611864e-02
8.930308492512162299e-01 3.055044537307827213e-01 4.332961821492314902e-01 4.556441946581888391e-01 3.685969999862843127e-01 2.373904839120906385e-01
3.714868636341340791e-01 9.815981221687657410e-01 3.117046463945306600e-01 4.515723596009253438e-01 3.953318535312352333e-01 2.544330912149430080e-01
1.552109349670078853e-01 8.666668850582590622e-01 7.626970785649495044e-01 4.319620292302170372e-01 2.840647907576719366e-01 2.941527665316488460e-01
7.696183049883860150e-01 9.342444967398676470e-01 8.414519863538204580e-01 7.756845389682514025e-01 6.425130513342447447e-01 6.047927377313176978e-01
9.670380930289708132e-01 9.621027220773935573e-01 7.151940730501940013e-01 9.109774434392543530e-01 8.533860377975115430e-01 5.622816225406740420e-01
5.860801915046086608e-01 6.092188751369960187e-01 2.864127514912698791e-01 3.214007147311536139e-01 1.368806472137773234e-01 1.491409335900431565e-01
8.021051630787325859e-01 4.008961177904298845e-01 6.367293650189886911e-01 4.597078905539804250e-01 3.054336947909722655e-01 2.443846224352684560e-01
1.375161790992633914e-01 8.354921218324571353e-01 9.394448806983488609e-01 4.804457145142883023e-01 3.614424579089587364e-01 6.252201216975894482e-01
9.998452830583167694e-01 8.679816752010741654e-01 4.016156430304128611e-01 7.938286580255090596e-01 7.083784847349001712e-01 4.349559457026732079e-01
9.654833183062128121e-02 8.968377610114921517e-01 4.216157035470405878e-01 3.498095765093940934e-01 2.421480428873677981e-01 1.703252795431778321e-01
8.541539010040151148e-01 6.327051351610336605e-01 3.194019132978748177e-01 5.192225996478931904e-01 3.572873597872074924e-01 2.651898160946679628e-01
1.679491751722050896e-01 9.209323631882468941e-01 2.107824570729380786e-01 3.438000708163299612e-01 2.697526008574156475e-01 1.853127035095662178e-01
1.111429956932227237e-01 8.009740113128982486e-01 4.418632670202475854e-01 2.939489565627372847e-01 1.431064700591465899e-01 1.253976482208616350e-01
9.973522044869612690e-01 8.230858972769620197e-01 3.327512553325749911e-01 7.509064120067912018e-01 6.548704593684407937e-01 4.096732404675061945e-01
5.741430502780621170e-01 7.780523472366180915e-01 7.850411121795202174e-01 5.292392820244387064e-01 3.058116412793984162e-01 3.663949992815954682e-01
9.765952767592483985e-01 9.950161762982063784e-01 8.385513692951375164e-01 9.892452213948053075e-01 9.864694228066327453e-01 7.406674394937831085e-01
9.922041009658244537e-01 5.601498459873368585e-01 6.782098475125811765e-01 6.912027737222562473e-01 5.673854802273310405e-01 3.881617334872519143e-01
2.872672833589580144e-01 7.364635314831241564e-01 9.530382354403683642e-01 4.577775102796307616e-01 3.069403424722015328e-01 6.454455408141369643e-01
9.287617659554492366e-01 9.456961910974635011e-01 8.308612597135469624e-01 9.071142585518060519e-01 8.281702036388098875e-01 6.699313888992397548e-01
1.415244109532336481e-01 4.917524765677085963e-01 4.605123844869479788e-01 1.507055321679900417e-01 2.433656940010231473e-02 3.943168495995250100e-02
7.270888784321714038e-01 8.148053569293236542e-01 5.448721525408180000e-01 5.698727661179224802e-01 3.604484261820043445e-01 2.912826296737576204e-01
8.414342545888648939e-01 4.157106147537976693e-01 6.669434331372436908e-01 5.040494409331804926e-01 3.548280307120461052e-01 2.795581203333713516e-01
9.732296065252635797e-01 1.277906372611470331e-01 4.477007941118783529e-01 5.001759768281676122e-01 4.743419506763596472e-01 2.748679247057858044e-01
6.006074279618034417e-01 9.111223089999155311e-01 8.214266888606461814e-01 6.425027780651192399e-01 4.766949890858683259e-01 4.918254354735477341e-01
1.263057297857649308e-01 7.265389502824299850e-01 7.068448418167323499e-01 3.245281977074034874e-01 1.454252685586967242e-01 1.800066177424104741e-01
5.269758693298484120e-01 3.910363833265844136e-01 6.617419571234740561e-01 2.919493557893972357e-01 1.256624164448822689e-01 1.518949972250915881e-01
6.332421733466685465e-01 8.392922038357667480e-01 8.854883129152494314e-01 6.398399137580174090e-01 4.504488428646742926e-01 5.897747749220032532e-01
5.518791916581042845e-01 8.070381522576574040e-01 3.869264531117506678e-01 4.247183197728498505e-01 2.282102082652746888e-01 2.080609664641116796e-01
9.638227196411263131e-01 9.578983281650016446e-01 1.433956883215511402e-01 7.892247159978560411e-01 7.758942549685121648e-01 4.629825500413462525e-01
9.775448868613908493e-01 3.925815966066696916e-01 1.919340163893485940e-01 5.175572989432291049e-01 4.745133890076240757e-01 2.848378369695455659e-01
4.500091858902589559e-01 2.721319511788115042e-01 1.149154504294819246e-01 1.265727066129051781e-01 4.653696773596243536e-02 6.202021602830320307e-02
9.051837344488661286e-01 3.440545538970739559e-01 3.984749739734040341e-01 4.685697174884207450e-01 3.817822599636505609e-01 2.445070967229452108e-01
3.498062414439799817e-01 3.912209322278797918e-01 7.293936226305374193e-01 2.409311183930482603e-01 9.651442145379950099e-02 1.550873075702136061e-01
1.288475609403325617e-01 8.363651643111456035e-01 8.687123845940333267e-01 4.497457921773209688e-01 3.093454795602370577e-01 4.422702726404434403e-01
7.098969810725841434e-01 3.585675296773541687e-01 1.364093904519882994e-01 2.905964856951426256e-01 1.826344994927777410e-01 1.534222515295676770e-01
1.968632497735370857e-01 6.495252810702659696e-01 8.229501027784887901e-01 3.371828503045026793e-01 1.659033321262412264e-01 2.934676099529928694e-01
2.064321961784273407e-01 5.676845990092513894e-01 8.056262836182644937e-01 2.947611162979423272e-01 1.342476276656364709e-01 2.474936984617512048e-01
2.812407661230250655e-01 7.408922847978347548e-01 9.479873148654995862e-01 4.563659196212863645e-01 3.044920789596504140e-01 6.294435831223214040e-01
1.389090244021895515e-03 6.898841415897795093e-01 3.535264938011666302e-01 2.090608166182426342e-01 6.688972135737446256e-02 7.589754482128624469e-02
3.120611665969917903e-01 7.516762858834676875e-01 8.216700121116220501e-01 4.183469547820268808e-01 2.267493351405087398e-01 3.422462305563231388e-01
1.539723480068576622e-01 7.103825564576892182e-01 2.317070404213722457e-01 2.142593321285272967e-01 7.544635432387894469e-02 8.818857922946940486e-02
2.826572345225659699e-01 8.326074497844899724e-01 9.177556327142728509e-01 4.978944242710355295e-01 3.511992880760752000e-01 5.774021580380674923e-01
8.029615932993715566e-01 5.422350157934855419e-01 5.546162592227347199e-01 4.875844137478748674e-01 3.034165979357589804e-01 2.397138138119374873e-01
5.576509982749471295e-01 4.770481431617591417e-01 5.199664188169302870e-01 2.963050346384638600e-01 1.156876734339541829e-01 1.268659394598467827e-01
9.169112967208200571e-01 9.180901539415803336e-01 1.921492362778560725e-01 7.232903188806145689e-01 6.513181075614981053e-01 4.141361808487385443e-01
4.172434034440761774e-01 7.534053817760397731e-01 1.633634377586544728e-01 3.025849457046051461e-01 1.345512523336539756e-01 1.464459688275591143e-01
3.357988828027100858e-01 8.374453430948723964e-01 1.106080487729342865e-01 3.206958132324266297e-01 1.850428833054348077e-01 1.652696043973195250e-01
3.722802936898472748e-01 6.759545912908574428e-01 6.465291594948057163e-01 3.363523670706224933e-01 1.268288849754800884e-01 1.611979162293014356e-01
5.095423865056137869e-01 2.897009452346041014e-01 6.921736419552952935e-01 2.671138930816562840e-01 1.252396529567472161e-01 1.571577954694027557e-01
9.527720690954355476e-02 1.151614157041581654e-01 1.684644281412210898e-01 1.597871646743989973e-02 6.465128838743489483e-04 2.937874269719609101e-03
7.377990764757714759e-01 3.242456172694141436e-02 8.987600674647284738e-01 4.476401784655286709e-01 3.665403835365027008e-01 5.281996310651653204e-01
9.636463764247409358e-01 7.483352876069120363e-01 3.333500933191581028e-01 6.755023773515028696e-01 5.482890479022405339e-01 3.594935310099546810e-01
4.662903388296343321e-01 9.997325476069615080e-01 7.130811601261557442e-01 5.995939169529044266e-01 5.184854921505115399e-01 3.816658969708547344e-01
4.403952040539790280e-01 7.375350435596271792e-01 8.455925679393407890e-01 4.653530461908496063e-01 2.596619233111888136e-01 4.053097750828796864e-01
3.152708692657519851e-01 4.570603370115702280e-01 8.296096226567789556e-01 2.880170145572491514e-01 1.430877007366787579e-01 2.810665832702407552e-01
8.082144597562336275e-01 9.128583693708667290e-01 2.051867697328297879e-01 6.324538046539781577e-01 5.216797566503175165e-01 3.579759988370843082e-01
9.963798742636288397e-01 5.059955083394080955e-01 9.368319345596229919e-01 7.718366274203946054e-01 7.054453821069511799e-01 7.904430874958389142e-01
6.283085525843317143e-01 2.847651103915425086e-01 4.123308070959407212e-01 2.568911243500800468e-01 1.329404898823489112e-01 1.207097509180192763e-01
1.236826526035417206e-01 4.711756985038575429e-01 6.222974829039509270e-01 1.823106934545234148e-01 4.806857423791100620e-02 6.926268389485405741e-02
6.172289997004523077e-01 2.828694824264386121e-01 4.793827267767650779e-01 2.640767424626757620e-01 1.324430101729145992e-01 1.218128562765092154e-01
8.592824696120366923e-01 5.551689273842850270e-01 6.930263768526402357e-01 5.778211317058057350e-01 3.988341382806776525e-01 3.268506172766062479e-01
1.478754719825199349e-01 9.140333481233174906e-01 9.827601111826977931e-01 5.533241697256755520e-01 4.935228257608107461e-01 8.184029223523848762e-01
2.289010724633954164e-01 3.414766175507238932e-01 2.846576464710758314e-01 8.782111399549606678e-02 9.563449233002042915e-03 2.427645795987362631e-02
5.101274811456002478e-01 3.494922026393072478e-01 7.160470225937602962e-01 2.897444469294448988e-01 1.351437614960172284e-01 1.790938367304935053e-01
9.982812917355599058e-01 8.807682157026051062e-01 6.109261888658240602e-01 8.507727445960292512e-01 7.496007413543586129e-01 4.746199193472033784e-01
9.770182339855530973e-01 1.508269337321981318e-01 2.817759184352300883e-01 4.775382898996030079e-01 4.712737867396273317e-01 2.719133434138764627e-01
1.496223877414761816e-01 5.494447204725668721e-01 1.486480776045210339e-01 1.296813712348097447e-01 2.198321293166619061e-02 4.400010646163927952e-02
4.720387548438630398e-01 3.687612986538150173e-01 8.870426696302377012e-01 3.419682224788198610e-01 2.116042915215397557e-01 4.200630256169506915e-01
2.369103550050273288e-01 7.826487427285967469e-01 8.934125927214847662e-01 4.458372109315575926e-01 2.854156181455798635e-01 4.853456258624578856e-01
9.076826360909862057e-02 9.840220044871702543e-01 1.999106696556421925e-01 3.786773540447778141e-01 3.724722933421413806e-01 2.186120295550912085e-01
6.593178289460969177e-01 2.035540376436949517e-01 6.953654846872814321e-01 3.346966950819084130e-01 2.033403293397594847e-01 2.053978864567241602e-01
7.038915881927498841e-01 6.792634550082865541e-01 1.964239632873261421e-01 4.168880438967915159e-01 2.342581680502095753e-01 2.117118943623173821e-01
9.768597464981985112e-01 8.240934669287491854e-01 5.674789564987078316e-01 7.822839615224341792e-01 6.486625499216793767e-01 4.213833518152191315e-01
5.672571295310966377e-01 4.347277700878935391e-01 9.320999575503491341e-01 4.279733687983208190e-01 2.882355764837064571e-01 5.750015524695243352e-01
3.817401230421118008e-01 9.844235718303429028e-02 8.861709545026348334e-01 2.575867293495380794e-01 1.832960762110138475e-01 3.849981943434331866e-01
7.116287337437108285e-01 4.253151894391130616e-01 9.111366320445869471e-01 5.028911451009222544e-01 3.606180937695698252e-01 5.668573920283958012e-01
8.294983587446942419e-01 7.850200789985021244e-01 8.074684682106075817e-01 7.108275438262074974e-01 5.145657289552865166e-01 5.015321248931128295e-01
2.882057209327659741e-01 7.870363732619647390e-01 3.835874338449882792e-01 3.076041652744956889e-01 1.391630110667925191e-01 1.364544588237631972e-01
4.364805166878865661e-01 4.369726179315803760e-01 1.942572799265505079e-01 1.708066803374755083e-01 4.865306629962913576e-02 7.301616761096554886e-02
1.691416063061099706e-01 2.014296134718014386e-01 9.155964379167291778e-01 2.265037032842555087e-01 1.795231776217721675e-01 4.277768349697873562e-01
3.853350316201894499e-01 5.515115818827669436e-01 8.510659685004196007e-02 1.865117545326581694e-01 4.938186602044686985e-02 8.018862739018753349e-02
4.344900489578035208e-01 3.694887057079363490e-01 7.868073135604899404e-01 2.865486865061030453e-01 1.405772971302859942e-01 2.332510583139450200e-01
7.389632553529978942e-01 2.536636475059717011e-01 4.692378384520029533e-01 3.337632742515382334e-01 2.158376267306620910e-01 1.661760896995615189e-01
8.083268706412899407e-01 5.771206351636235521e-01 2.211615703070002326e-02 4.339705618683383226e-01 2.917622163192832296e-01 2.289682095611745571e-01
6.637132696913792262e-01 3.590591408532040063e-02 3.543009928090399274e-01 2.378635815643372897e-01 1.512031329668460933e-01 1.263735075400128638e-01
3.395117864138037511e-01 1.209150049932459225e-01 5.441691140353627221e-01 1.297181754063672365e-01 4.179695023535896087e-02 5.151338995141470367e-02
1.333655226578850383e-01 2.180050325566890157e-01 8.739418071268609811e-01 2.064430719315326623e-01 1.482757590799645420e-01 3.233667514723433389e-01
2.244598549934158083e-01 4.204018911227839217e-01 8.160833577535354655e-01 2.475124109996761634e-01 1.226662056369425130e-01 2.406407210036888566e-01
5.798928831597158773e-01 8.275634326161522836e-01 2.534360467390437410e-01 4.321726802151247271e-01 2.556144420839859821e-01 2.241975680872314025e-01
8.672462479260869550e-01 6.827230012257187175e-01 6.977034733787501608e-02 5.317679384993097003e-01 3.882342024661725732e-01 2.855677469966283466e-01
5.978294779839893325e-01 6.010734433542876953e-01 7.650957995201317363e-01 4.429442890484059370e-01 2.254846493167625698e-01 2.929123926472664285e-01
4.482006022097061448e-01 6.126066222175352571e-02 9.741075373898507861e-01 3.199407323389662494e-01 2.720499764827580269e-01 6.629244253362237549e-01
7.962862031007644781e-01 1.983156202881630747e-02 3.436973311597057990e-01 3.270729216781613768e-01 2.577738518235251353e-01 1.810368117333991389e-01
4.123169443378652543e-01 4.478518483732437661e-01 9.639284172711116705e-01 3.749893587130984640e-01 2.599377116552631373e-01 6.374883283698404846e-01
2.734019453178166970e-01 7.944300939198627454e-01 4.984958539479796835e-01 3.319983485673088097e-01 1.533191098388882456e-01 1.458666161728507382e-01
1.305551194244625179e-02 7.075177501968624716e-01 6.327693886396836831e-01 2.833895484916447716e-01 1.117923596581283929e-01 1.259440827922101436e-01
3.191151042260473858e-01 7.467892838232281782e-01 1.144517421456914263e-02 2.584959078964069179e-01 1.099380682347120691e-01 1.234009711766275580e-01
2.064663482450199705e-01 4.849093686221764843e-01 1.725287246732110091e-01 1.158497107316844993e-01 1.545628511007871193e-02 3.798614729808656026e-02
3.320421743631104539e-01 4.389631581936374038e-01 6.935737299879003448e-01 2.381531335810814498e-01 8.326683713705218537e-02 1.294115990650180348e-01
3.014746721271033270e-01 7.828123064455945190e-01 4.479851912406096481e-02 2.745659305820855600e-01 1.322258307493798246e-01 1.346431231882258550e-01
2.806678540582511205e-01 5.117746479534690529e-02 2.405996645164720782e-02 3.827956347923692354e-02 1.113416929448159814e-02 2.237623298875220448e-02
5.231952234912736754e-01 6.985426528430181969e-01 9.579167752128169289e-01 5.296296309379368017e-01 3.511368658381642804e-01 7.029233491384990762e-01
9.144955027540476733e-01 9.592262157069645356e-01 5.746512725717486392e-01 8.195124965015655460e-01 7.397592589782431283e-01 4.630619729494757641e-01
5.647957255105711116e-01 9.584102911134572134e-01 5.251578208429477090e-01 5.620915629991153351e-01 4.356556219017704290e-01 3.051461617694944395e-01
7.005824441550602133e-01 3.118331228147380729e-01 6.922169826019676231e-01 3.811910172277356290e-01 2.321592779821888275e-01 2.241298494273675779e-01
4.903198902293223194e-01 3.590331646756889095e-01 9.151767410298305983e-01 3.595521065350790746e-01 2.383941242795183102e-01 4.953594353760563673e-01
5.216843956311142394e-01 5.233097273712060682e-01 8.735694519672869696e-01 4.116645158799680515e-01 2.339416195685885269e-01 4.248868256181594361e-01
1.922461078191134431e-01 9.602925040673783164e-01 3.921041039813315532e-01 4.016473372462535107e-01 3.385167531142770359e-01 2.140220823283998097e-01
8.574800948171715786e-01 8.924011619400321615e-01 2.313155745192875257e-01 6.599137161398833662e-01 5.462344910857450664e-01 3.699623009400664353e-01
3.849363179637652621e-01 3.200287491690302355e-01 8.333970926419853598e-02 1.101720217285847847e-01 3.008806842471476936e-02 4.947126525824084575e-02
4.123478801948339267e-01 7.372385921437589751e-01 4.569133725484744168e-01 3.345166659066055037e-01 1.340221485009097935e-01 1.456189621222824526e-01
2.481262156290631182e-01 4.079557592563295421e-01 1.986132804988823830e-01 1.011393107845775380e-01 1.263694079296894500e-02 3.291580932404560011e-02
8.094534736543548270e-01 4.086620057837239139e-01 8.540354425975079655e-01 5.440633380146107090e-01 4.056256215735862258e-01 4.765249071004030723e-01
8.425057874170294170e-02 2.514985625712128359e-01 2.262491456055643058e-01 3.928633542450585964e-02 1.366276756658449040e-03 5.718644501794409134e-03
6.411170882984240649e-02 3.825125887437130778e-02 3.914164508146589228e-01 3.862154810114645093e-02 6.042870223785563530e-03 3.728930996100444407e-03
8.826375889115667395e-02 6.878383050782358454e-01 6.270535822542278037e-02 1.831238314552797175e-01 6.237887774685411252e-02 7.606155696936890698e-02
4.151063480754413337e-01 1.896787328261192451e-01 1.844992621694738766e-01 1.028764961586231819e-01 3.641111741676229113e-02 5.045645303505782303e-02
3.367357984623317035e-01 7.608992134516308070e-01 1.939589401765962062e-01 2.808147713754830521e-01 1.223380697300296138e-01 1.321760786130183052e-01
9.686832252747852312e-01 4.499767521712528806e-01 7.296040633616285298e-01 6.445197023612586618e-01 5.365187637893872319e-01 3.938286220810735538e-01
1.944085950752190151e-01 6.668650811978666937e-01 7.372352060453859490e-01 3.138048965747700647e-01 1.312130410138412639e-01 1.918853244433453842e-01
8.377012599524943370e-01 5.125323134740061848e-01 3.876085088247446242e-01 4.655357641840258132e-01 3.159638042928801793e-01 2.320211024238784947e-01
5.590425819816181585e-01 9.863207686688937326e-01 9.895379490257569799e-01 7.454043904183056402e-01 7.054584757090603953e-01 9.722057918219940698e-01
6.896532378852368028e-01 6.967515531309529386e-01 1.454276068687986312e-01 4.124981779029213147e-01 2.314480316000641635e-01 2.116854326552129184e-01
7.914178071035138373e-01 3.792083422650138758e-01 7.490238973407481460e-01 4.819894623839247605e-01 3.320386718804501647e-01 3.152828802837291944e-01
5.219720619811719642e-01 9.686874557298140731e-01 5.673674929035519288e-01 5.584891495397100725e-01 4.413286606141096358e-01 3.072200972773752592e-01
5.543213844657646217e-01 3.820292451144607915e-01 1.637468263383878853e-01 2.063210652247915722e-01 8.923333186116445825e-02 9.982997602048038210e-02
1.231041960760302922e-01 1.599140730952176570e-01 5.234977149246137218e-01 8.142628196627678394e-02 1.989199029168741556e-02 1.982311248881254984e-02
3.906360733604680169e-01 9.743610573707469635e-01 4.204339133024269648e-01 4.718877912331825297e-01 3.916880779348387298e-01 2.571269267349994836e-01
4.344429508938865148e-01 9.335549908199826108e-01 9.535247623738973832e-01 6.322913697264364030e-01 5.351059961168601609e-01 7.711965345814857375e-01
2.601454815681316646e-01 8.247530538899885411e-01 4.991153667902505919e-01 3.473342891600155746e-01 1.782295208750085957e-01 1.574740899776065906e-01
8.998456869537012626e-01 6.667653559242792127e-02 8.249979582747118956e-01 5.441023828188851219e-01 4.835650138684803867e-01 4.533579146731216425e-01
9.220336954827764719e-01 6.937546077299343583e-01 1.351182395589789476e-01 5.868920056655148043e-01 4.595667723530985072e-01 3.169375383120989209e-01
5.920431907637480062e-01 4.626076200592875720e-01 2.500734012109345761e-01 2.608225170642421986e-01 1.140237142602811143e-01 1.220701781254852347e-01
7.962348392799772911e-01 2.942038208067562222e-01 4.867784624576492192e-01 3.875685295258290974e-01 2.692363819060816787e-01 1.950567002752079948e-01
5.254979636907127771e-01 8.871927962816620328e-01 6.152882047571185398e-01 5.165277384018397422e-01 3.306023700915130537e-01 2.752861895300977024e-01
9.439239636579328518e-01 9.462386062642790252e-01 1.706777521276232612e-01 7.649630485041725159e-01 7.293492735555887618e-01 4.450300074257832472e-01
4.549338969233466257e-01 5.341718294347790330e-01 4.019142970509803625e-01 2.433785856089035748e-01 7.150643882766967441e-02 9.628800737932929898e-02
5.219622153467400327e-01 6.300537443474378829e-01 9.499655145019874070e-01 4.911096035510047475e-01 3.166673171604530990e-01 6.552349185399825027e-01
2.323357884920264071e-01 9.981006019004079466e-01 7.920764325967073471e-01 5.493126347520125297e-01 5.044786399533703891e-01 4.160835033787139703e-01
9.107551327824470189e-01 7.151601859718150767e-01 1.178552856351422484e-01 5.874920281459264926e-01 4.558459286353326867e-01 3.183039098618307694e-01
4.423075375528451314e-01 4.963952364564498954e-01 1.672603675255898148e-01 1.918480640622048927e-01 5.591497578983756905e-02 8.326896203747931324e-02
6.894061983063768384e-01 1.293220232163361239e-02 1.284816467434736209e-01 2.281271831121674254e-01 1.650733990497599279e-01 1.348258178189439827e-01
1.734712541959516630e-01 4.490568141903314991e-01 3.205832023608697900e-01 1.145194301783366148e-01 1.264473609993935731e-02 2.985571923661483468e-02
2.647706351658336565e-01 6.129898391465071761e-02 6.192448897036179067e-01 1.249152790821266706e-01 4.637215450409251649e-02 5.992601896609631856e-02
5.655655923958350373e-01 1.765621856022028258e-01 9.950407932241019937e-01 3.961271007682486411e-01 3.380032009163703166e-01 7.803136490257861491e-01
